timestamp,open,high,low,close,volume
2024-01-01 00:00:00+00:00,64862.927547298634,64789.60480240658,64664.28430856786,64785.88392406726,253.43999969657833
2024-01-01 00:15:00+00:00,64871.54086887987,64877.27960613891,64785.60757751481,64843.268205666594,192.51564929661555
2024-01-01 00:30:00+00:00,64976.76128672351,65031.310697392684,64985.3055465648,65005.97386976823,215.7269834902442
2024-01-01 00:45:00+00:00,64948.25594879211,65109.081208899624,64955.180262949565,64986.158384501905,194.94912692281198
2024-01-01 01:00:00+00:00,65083.09946609383,65219.50516430102,65064.29957296455,65126.85223269946,417.48083112238106
2024-01-01 01:15:00+00:00,65165.450445695664,65286.51417645856,64982.10403865086,65206.90567240738,388.5281294210424
2024-01-01 01:30:00+00:00,65290.836321673836,65317.535003512,65214.191505534225,65248.80539309471,916.7732776502844
2024-01-01 01:45:00+00:00,65103.74470886902,65150.23822247749,65065.91779317145,65122.33977289526,920.7267336890297
2024-01-01 02:00:00+00:00,65040.30373207576,65142.78114435574,65050.48159644093,65110.68446022202,312.3959268546299
2024-01-01 02:15:00+00:00,65046.77457544273,65214.30885560516,65105.177940668116,65156.92964943029,780.992775270278
2024-01-01 02:30:00+00:00,65167.83072889758,65148.84936404759,65057.55093503426,65110.290471293454,712.4695511236496
2024-01-01 02:45:00+00:00,65205.140645003194,65199.36441185586,65139.98429398323,65180.01708009469,626.3506449043688
2024-01-01 03:00:00+00:00,65134.15519412851,65127.72954525298,64972.99805173255,65117.00608953009,817.3346544747502
2024-01-01 03:15:00+00:00,65333.5783257424,65254.8476615296,65104.73102703749,65236.52030500061,372.87816441647914
2024-01-01 03:30:00+00:00,65353.06406185886,65439.0752394004,65191.71655545243,65337.41748333128,459.8184669334555
2024-01-01 03:45:00+00:00,65307.0569124024,65385.57375762794,65213.42412718236,65336.84106043938,541.8618675576238
2024-01-01 04:00:00+00:00,65251.51017156612,65289.25181737439,65277.51964892472,65280.50836424879,542.4161861788505
2024-01-01 04:15:00+00:00,65424.08611402628,65442.70856412998,65396.73731150783,65428.17417231931,283.9836441435453
2024-01-01 04:30:00+00:00,65336.76634003585,65412.09115053282,65350.299163214826,65383.94193766695,679.1464514660746
2024-01-01 04:45:00+00:00,65347.4429973781,65277.683151988735,65154.592557949785,65250.91412612228,250.64324318444406
2024-01-01 05:00:00+00:00,65454.839575109836,65571.08680545828,65447.75407564223,65475.63043745264,521.6754524806506
2024-01-01 05:15:00+00:00,65673.79483352981,65773.22194930649,65681.71888895982,65690.95398774551,185.99227022290285
2024-01-01 05:30:00+00:00,65695.30062660486,65756.88824358207,65660.59307886405,65671.0028469695,574.3178690877222
2024-01-01 05:45:00+00:00,65539.59626370762,65612.62333458685,65516.3622169124,65573.56220932389,473.9789594252572
2024-01-01 06:00:00+00:00,65673.49161060953,65732.09012321835,65601.27556758308,65610.88663592454,830.1108273721986
2024-01-01 06:15:00+00:00,65743.3313568245,65750.89306827888,65744.9081611665,65747.11563321122,321.986170601461
2024-01-01 06:30:00+00:00,65801.51084487661,65884.05400575874,65829.60777893101,65856.4782397957,758.1142982062767
2024-01-01 06:45:00+00:00,66052.20085043747,66098.81144271592,66043.4405002303,66049.26575059262,583.5901192787517
2024-01-01 07:00:00+00:00,66068.26402153155,66042.7178793012,66007.2820407636,66019.3867954689,721.5645109899648
2024-01-01 07:15:00+00:00,66073.9998786854,66075.9217882917,65994.74506554668,66039.94526584251,319.46605627847293
2024-01-01 07:30:00+00:00,66114.8049439825,66128.19632747876,66020.03988972947,66082.54150238211,180.63876506925624
2024-01-01 07:45:00+00:00,65883.82503821013,66148.79302791641,65712.32860158254,65905.25335978389,643.3151912105512
2024-01-01 08:00:00+00:00,65802.209381056,65835.51846083112,65766.04770817712,65818.795988707,154.8384906460893
2024-01-01 08:15:00+00:00,65984.50646018959,65982.3881609943,65902.2041375187,65939.54641628372,673.7870758659186
2024-01-01 08:30:00+00:00,66034.16247920548,66090.47592588064,65984.49311924362,66051.79773642408,514.0871175160289
2024-01-01 08:45:00+00:00,66027.46946942923,66022.3479962675,65997.3181184911,66004.7926008268,541.1102954360731
2024-01-01 09:00:00+00:00,66196.51780221045,66180.4713811561,66139.64416042212,66175.25483889418,541.6571032226527
2024-01-01 09:15:00+00:00,65908.9582173686,66013.08894114109,65866.19565035075,65965.07039139891,651.5529516316611
2024-01-01 09:30:00+00:00,65818.00321913416,65889.4662095902,65721.92374430981,65799.5215704928,964.6078067786651
2024-01-01 09:45:00+00:00,65676.04119961977,65760.09471832335,65603.68374741833,65650.66290836096,214.9093715528322
2024-01-01 10:00:00+00:00,65631.16712930956,65614.49055346826,65521.43201967173,65592.33338495351,871.147244394108
2024-01-01 10:15:00+00:00,65533.63078054238,65531.462461565156,65477.351104172,65517.84029787416,565.4409981184785
2024-01-01 10:30:00+00:00,65556.17252838565,65630.12666915535,65508.86205855624,65531.903843874,870.5642346817403
2024-01-01 10:45:00+00:00,65397.04635416473,65525.20606440862,65415.979713814,65464.71061199607,530.1244993414218
2024-01-01 11:00:00+00:00,65673.98718637964,65721.05259378252,65617.04697514139,65648.2355861526,108.23337972261263
2024-01-01 11:15:00+00:00,65438.85879680754,65488.30411592788,65379.04604139258,65434.165680614096,998.6897811753992
2024-01-01 11:30:00+00:00,65246.47861602574,65373.03919758987,65315.91460756202,65318.67041004326,641.9842473253077
2024-01-01 11:45:00+00:00,65309.79544317828,65423.27502405724,65272.557656583,65378.46535880231,331.9356697747884
2024-01-01 12:00:00+00:00,65163.466982870654,65314.76992543387,65068.544558407586,65180.85373098902,107.61270907918488
2024-01-01 12:15:00+00:00,65415.67053149251,65476.894123153455,65364.28276762949,65385.93663047261,597.6879297664324
2024-01-01 12:30:00+00:00,65274.940734828735,65262.13772439887,65186.72144545607,65243.809224332086,691.6545053798392
2024-01-01 12:45:00+00:00,65220.00271264944,65216.47571653166,65088.84477397473,65185.14930066374,675.468274668956
2024-01-01 13:00:00+00:00,65044.42693897068,65091.59877020852,65015.4872314405,65075.72417963677,535.710935012159
2024-01-01 13:15:00+00:00,64974.61631689782,64991.047767250624,64979.161123356556,64981.05166001987,944.2125784124651
2024-01-01 13:30:00+00:00,64982.167786254395,65133.0784670689,64899.092389681864,65008.20166585582,896.0260570691547
2024-01-01 13:45:00+00:00,65119.49336485551,65248.1306847354,65021.783637015076,65087.27493447576,758.308066482255
2024-01-01 14:00:00+00:00,65010.690464028216,64999.81754295701,64987.051861491644,64988.127924509434,119.94399508847637
2024-01-01 14:15:00+00:00,65152.40853320615,65201.52673470828,65153.89956480538,65163.76385781335,116.36819154314436
2024-01-01 14:30:00+00:00,65146.11962962975,65223.34526932642,65086.904968841314,65166.421127904185,670.1960164475505
2024-01-01 14:45:00+00:00,65070.69456575399,65074.37318809896,64986.516523252234,65063.574421994424,616.9965221766944
2024-01-01 15:00:00+00:00,64979.093475317066,64970.2774728352,64939.692240076336,64961.92072001122,994.90851549737
2024-01-01 15:15:00+00:00,64993.62700764888,64977.6445579269,64973.15851519294,64977.33657692186,850.6978603324889
2024-01-01 15:30:00+00:00,65003.23695018414,65030.65439520476,64887.21471014327,65021.25590057705,405.5194000700536
2024-01-01 15:45:00+00:00,65063.74945526012,65098.15188559511,65010.771533954554,65036.023715852614,770.9324276157909
2024-01-01 16:00:00+00:00,64778.89689186542,64932.1513445036,64827.98045633795,64836.600639716475,462.02227783532993
2024-01-01 16:15:00+00:00,64664.94167999922,64823.18694604315,64595.80293659025,64714.27745730304,179.03419537218713
2024-01-01 16:30:00+00:00,64869.449921462445,64853.325147736265,64711.15295696417,64806.63088529122,495.7376193203096
2024-01-01 16:45:00+00:00,64936.43079612717,64931.86628605306,64847.11228138647,64915.10485171284,675.1081629921836
2024-01-01 17:00:00+00:00,65093.89331609574,65109.04423421476,65012.4165945339,65061.578300574474,899.0946086296331
2024-01-01 17:15:00+00:00,64878.43862488985,64920.27909599352,64878.2749118378,64888.46018181423,745.4689308853436
2024-01-01 17:30:00+00:00,64631.647753205696,64672.95613712209,64608.42429794598,64662.88711957895,744.7839897755094
2024-01-01 17:45:00+00:00,64742.736149531476,64732.56176096569,64709.39422093437,64723.19309075831,298.33404318528176
2024-01-01 18:00:00+00:00,64736.38616817291,64729.16750137932,64649.20892427351,64693.19733109458,246.83812344813416
2024-01-01 18:15:00+00:00,64650.712577164086,64748.50834859744,64577.41791325079,64617.005443686634,242.38938410295822
2024-01-01 18:30:00+00:00,64937.121756704124,64936.6597066494,64854.829946778285,64893.45904057739,510.39094821135774
2024-01-01 18:45:00+00:00,64727.17571197676,64910.25407635269,64833.95109724666,64834.9885635662,234.89502570572998
2024-01-01 19:00:00+00:00,64924.532927766,64960.11931057105,64926.1314719518,64945.36066717082,612.7077169795226
2024-01-01 19:15:00+00:00,64839.997023731914,64862.99209747559,64730.14302516436,64788.77263819468,969.7336166217945
2024-01-01 19:30:00+00:00,64919.87557654968,64883.10668902566,64838.026314807976,64877.01970540361,797.2874134938734
2024-01-01 19:45:00+00:00,64733.85849443512,64771.87565768661,64709.72195224898,64746.80961928453,570.8101893425214
2024-01-01 20:00:00+00:00,64847.502340875995,64900.548750468035,64805.482227428016,64849.20619252457,513.1927120624349
2024-01-01 20:15:00+00:00,64912.991623875125,65003.42031114645,64933.07209888432,64951.34493570537,205.056586712073
2024-01-01 20:30:00+00:00,64773.2917556556,64770.26556244889,64660.409390229404,64761.0974504448,889.2062136885346
2024-01-01 20:45:00+00:00,64907.47479802091,64899.1457261852,64778.5240715269,64891.394806080665,213.84025534118697
2024-01-01 21:00:00+00:00,64986.002795978675,65044.21077849453,64865.10185994796,65005.55112237752,345.83321898671943
2024-01-01 21:15:00+00:00,65001.05190532247,65133.55202533988,64946.74545763354,65074.26354989761,502.81929425534025
2024-01-01 21:30:00+00:00,65058.05918656307,65115.38950799242,65000.136337422075,65101.453610581884,900.0425788176947
2024-01-01 21:45:00+00:00,65090.461912333274,65185.36174032697,65096.84670395824,65118.15865567701,638.5003623297666
2024-01-01 22:00:00+00:00,65000.779660608074,65126.25914927768,65024.20483729435,65055.8279939168,460.0948054930295
2024-01-01 22:15:00+00:00,64973.959891909544,64957.713491227005,64832.350372808585,64912.933740546614,972.1823274598554
2024-01-01 22:30:00+00:00,64756.153826558264,64711.36695870827,64669.82149790298,64704.77410161186,628.3985837971336
2024-01-01 22:45:00+00:00,64638.60005161379,64813.902257119706,64758.499687174946,64765.51689120505,578.0011834853956
2024-01-01 23:00:00+00:00,65034.92969229973,65138.362009174016,64967.37662365832,65022.05121539495,622.9078089276356
2024-01-01 23:15:00+00:00,65026.35428788217,65031.53514468801,64954.81026151264,64986.051537113766,910.646094105175
2024-01-01 23:30:00+00:00,65239.19602516273,65304.590190797804,65141.374651511695,65237.63506296335,979.8338763540461
2024-01-01 23:45:00+00:00,65270.30655017293,65328.207595923464,65223.856580365325,65251.07767527213,956.9689311086157
2024-01-02 00:00:00+00:00,65198.39342191925,65295.95907415902,65156.22877687583,65254.20673969643,843.1397669034687
2024-01-02 00:15:00+00:00,65277.514106716495,65313.00892949849,65194.80878747673,65267.77549088273,167.5061821149608
2024-01-02 00:30:00+00:00,65279.47462318906,65304.66873261884,65130.232060406386,65256.67907045459,546.8696292663287
2024-01-02 00:45:00+00:00,64906.923999164304,65038.89784730377,64817.941697976355,64945.86645440258,255.98134287797228
2024-01-02 01:00:00+00:00,64815.063046246985,64737.901694360306,64671.89772984063,64737.76963000213,990.5706036210238
2024-01-02 01:15:00+00:00,64561.527916540304,64607.124843484045,64530.34319169737,64603.7381169357,568.5509989113311
2024-01-02 01:30:00+00:00,64209.36749679901,64329.3628290146,64100.80276024057,64233.54896508102,604.8815034555081
2024-01-02 01:45:00+00:00,64237.273580034205,64273.18831415485,64154.605536751944,64250.67813241995,904.8076447943431
2024-01-02 02:00:00+00:00,64235.908664979994,64323.429140176486,64188.32728427449,64231.548585084674,291.50519437916296
2024-01-02 02:15:00+00:00,64178.0297508639,64222.75770447772,64073.31164935106,64186.579584609426,964.3289052900784
2024-01-02 02:30:00+00:00,64159.45471808701,64224.954926709914,64161.7338936863,64216.42401185883,707.9548768354495
2024-01-02 02:45:00+00:00,64181.557298622305,64273.234964270225,64193.242088043706,64232.122213165785,171.58189959541846
2024-01-02 03:00:00+00:00,64308.36211475334,64287.33911522919,64233.99295084893,64285.76145903169,249.18378740384105
2024-01-02 03:15:00+00:00,64242.38737641597,64204.377459017436,64039.272518549646,64201.93427656409,344.6803388390513
2024-01-02 03:30:00+00:00,64091.80146444974,64154.43724070874,63995.12929143696,64048.49658502565,300.4634913998713
2024-01-02 03:45:00+00:00,64028.43046549073,64138.0664865584,64003.849797512274,64073.49823948686,975.6774364890308
2024-01-02 04:00:00+00:00,64023.896450596585,64145.941860549225,64029.97715151555,64032.02854752824,300.9843127355668
2024-01-02 04:15:00+00:00,63827.91784666736,63894.0384139842,63850.32403397043,63893.10401064271,500.40290170019773
2024-01-02 04:30:00+00:00,63905.06011402738,63902.37539758778,63836.36059722898,63859.190632734295,456.5875159971012
2024-01-02 04:45:00+00:00,63735.26852001052,63723.23218984043,63662.85789411428,63709.8044684573,278.3099213571345
2024-01-02 05:00:00+00:00,63934.284852451055,64044.03414308045,63886.87544773743,63925.01839353459,293.8404120528931
2024-01-02 05:15:00+00:00,64086.51940470201,64044.291446475465,63998.39579865482,64026.53393859732,424.95384657770904
2024-01-02 05:30:00+00:00,63804.62285415453,63796.66989470862,63775.21491064414,63789.042487910076,382.61372745649555
2024-01-02 05:45:00+00:00,63762.84169566834,63790.49027342687,63707.445406350496,63784.602757681976,915.8868228052759
2024-01-02 06:00:00+00:00,63607.97838377706,63666.02089271242,63539.04266467948,63601.089015767655,997.970880918087
2024-01-02 06:15:00+00:00,63838.82946299204,63907.4696560313,63866.72858582688,63874.74274408367,170.79998819749352
2024-01-02 06:30:00+00:00,63726.97431373634,63711.87901543961,63636.443137797425,63709.26646050726,208.66377354853506
2024-01-02 06:45:00+00:00,63587.78011546615,63603.95146461822,63548.01957171677,63582.334883838295,459.8470477483653
2024-01-02 07:00:00+00:00,63550.53762212779,63601.188345557035,63541.34083631569,63564.6979542016,207.4395632415476
2024-01-02 07:15:00+00:00,63350.84750298095,63564.77133026675,63364.040017644,63395.958847196234,477.8772462485407
2024-01-02 07:30:00+00:00,63477.3831110593,63616.03079233944,63416.036274002225,63529.103795328425,678.2141038151406
2024-01-02 07:45:00+00:00,63580.17513456705,63577.008389062416,63447.44670609184,63539.34581909317,325.34006025463
2024-01-02 08:00:00+00:00,63768.655443328615,63697.60141035281,63631.26010758158,63665.8637870099,906.0758251333028
2024-01-02 08:15:00+00:00,63826.60937614079,63867.84321987746,63748.1597867121,63775.42415845045,121.9471211607717
2024-01-02 08:30:00+00:00,63638.812356123635,63664.038024321366,63466.182057482154,63597.392692277615,617.0260937302014
2024-01-02 08:45:00+00:00,63384.62051299401,63503.445332359195,63432.315993946,63458.40818885932,294.3401097527144
2024-01-02 09:00:00+00:00,63632.10494109046,63706.51273385951,63515.49102465214,63635.86505221113,244.54164936577843
2024-01-02 09:15:00+00:00,63807.8263558307,63879.693811290614,63758.46698109113,63769.93101655282,766.502407407225
2024-01-02 09:30:00+00:00,63620.9272813095,63732.1184189024,63544.972639287334,63627.59566286048,546.7955624223966
2024-01-02 09:45:00+00:00,63593.4837473659,63647.413654770935,63597.690655440485,63620.308790321804,477.00326779453417
2024-01-02 10:00:00+00:00,63501.11385412866,63561.50514061257,63435.57448275472,63441.45865015396,675.4629315785656
2024-01-02 10:15:00+00:00,63429.199333037344,63609.08939177927,63383.52254213987,63467.841079239435,729.2952284240425
2024-01-02 10:30:00+00:00,63516.45479907294,63631.62994924641,63494.34593381934,63575.45379486749,186.1303518284173
2024-01-02 10:45:00+00:00,63660.6993818408,63708.30185231031,63487.306361695,63642.838320109746,556.3472772290766
2024-01-02 11:00:00+00:00,63476.86241457432,63512.94880865535,63451.22925782186,63475.67211920947,478.0637830751085
2024-01-02 11:15:00+00:00,63376.922664102705,63435.710422321405,63324.694456532445,63407.05902996984,195.31697423006267
2024-01-02 11:30:00+00:00,63527.306022954894,63548.828339798005,63507.662914109875,63518.70624292113,934.8286813153077
2024-01-02 11:45:00+00:00,63413.84743523696,63481.843043685505,63401.601367350944,63475.76675697552,823.2921693537209
2024-01-02 12:00:00+00:00,63823.54309596621,63775.901491222816,63636.309391770046,63752.46140211612,556.1707483849173
2024-01-02 12:15:00+00:00,63719.25816649247,63739.02850133999,63646.59431288335,63721.44729620302,884.9388458334532
2024-01-02 12:30:00+00:00,63622.19148764865,63701.84023663261,63630.773256357454,63655.64055719322,803.4512258788499
2024-01-02 12:45:00+00:00,63798.94491971422,63851.8771321561,63702.185662896394,63765.62848547424,485.8536168082642
2024-01-02 13:00:00+00:00,63777.57989452916,63912.452148903634,63770.84628626579,63802.995527516185,421.60137087738957
2024-01-02 13:15:00+00:00,63686.2441507383,63815.26417932479,63763.568308264665,63771.29855548183,334.9417671439973
2024-01-02 13:30:00+00:00,64070.78334315454,64123.921468871806,63992.48316604335,64077.96410504248,745.4753326930891
2024-01-02 13:45:00+00:00,64039.875494871114,64109.70281659997,64043.8936010938,64069.60765922758,998.5476265856802
2024-01-02 14:00:00+00:00,64176.08972845423,64145.332580110386,64075.77477945028,64142.213925045195,452.2387786725181
2024-01-02 14:15:00+00:00,64150.69297419979,64207.89427625082,64184.64576971915,64189.69509152392,913.6784381829739
2024-01-02 14:30:00+00:00,64197.14147658383,64162.8111337775,64153.621242150264,64161.479518864995,305.94216474811867
2024-01-02 14:45:00+00:00,63956.28056267134,64065.62693965294,63993.72449541679,64027.17098624503,946.826729074058
2024-01-02 15:00:00+00:00,64266.56028809536,64334.59118085332,64204.65341889151,64258.54993894261,378.53510439361503
2024-01-02 15:15:00+00:00,64171.88953287766,64241.61607716552,64098.375420482575,64178.64265097894,600.9722872677028
2024-01-02 15:30:00+00:00,64414.860195405316,64399.99386836676,64263.54125789455,64332.044069195355,104.13507246659474
2024-01-02 15:45:00+00:00,64325.37173225732,64402.278289683425,64203.79952226248,64315.38194371123,884.8751502340244
2024-01-02 16:00:00+00:00,64352.565079189015,64403.82490804408,64316.01246810736,64327.10144587302,356.95988608293794
2024-01-02 16:15:00+00:00,64234.153446449556,64328.330127969544,64263.3030270777,64270.1074227474,680.6758222277798
2024-01-02 16:30:00+00:00,64369.36009646458,64386.95732643485,64348.895417690284,64379.85381350472,211.49370141968492
2024-01-02 16:45:00+00:00,64137.53833452893,64247.852384555554,64180.09891368308,64185.791974424676,715.2761436941202
2024-01-02 17:00:00+00:00,64493.40668129363,64549.79261840133,64446.08250957162,64448.62545957683,721.6327136908967
2024-01-02 17:15:00+00:00,64274.25919012253,64345.52984513468,64265.37212999399,64275.1784626261,329.7942641592648
2024-01-02 17:30:00+00:00,64334.21492719865,64366.67310915557,64291.54398965982,64304.78379980317,954.7248076853599
2024-01-02 17:45:00+00:00,64382.41036296362,64498.311060050466,64389.18560728255,64439.88336547155,631.7641668634488
2024-01-02 18:00:00+00:00,64112.45319434021,64306.52452486223,64140.89382771097,64193.52641162953,991.6117723821648
2024-01-02 18:15:00+00:00,64158.46893279084,64261.48102393077,64169.204412843246,64196.153189117504,330.07113377553674
2024-01-02 18:30:00+00:00,64286.6827121569,64353.150761393044,64186.160786013184,64247.66551097231,196.32585925932955
2024-01-02 18:45:00+00:00,63975.23761200609,64107.021110580914,63979.153269384435,64044.3356934275,803.1684155346367
2024-01-02 19:00:00+00:00,64115.322273801874,64114.60234539188,64002.58638788264,64085.64361974138,587.1470498356379
2024-01-02 19:15:00+00:00,64036.04750519931,64058.83585792751,63956.0701814101,64010.71728258847,303.25335948994353
2024-01-02 19:30:00+00:00,63974.7036838839,64036.78217542478,63930.355931349586,64007.3630573476,958.1370700222227
2024-01-02 19:45:00+00:00,64260.82910024495,64353.76579399519,64248.91084429619,64275.50897393784,892.0674991357334
2024-01-02 20:00:00+00:00,64375.66267253051,64382.60442609667,64269.08011745784,64355.6458906437,515.0165451373643
2024-01-02 20:15:00+00:00,64349.92147754952,64432.973558285084,64348.67080037994,64366.41408270187,213.65716340821194
2024-01-02 20:30:00+00:00,64281.08780301738,64431.66089968397,64278.78160849141,64325.77098971222,330.0134372847387
2024-01-02 20:45:00+00:00,64146.48151366473,64240.70176311372,64113.38628106938,64164.066237588784,533.2239830425018
2024-01-02 21:00:00+00:00,64069.1180696895,64126.57050940035,63925.09863549349,64110.90525812999,939.3296011477019
2024-01-02 21:15:00+00:00,64156.65312485429,64153.1081547255,63994.682139531666,64096.025546422374,165.62352607816507
2024-01-02 21:30:00+00:00,64151.125667828856,64200.66648327835,64146.68386603375,64163.025531701336,105.13199816557054
2024-01-02 21:45:00+00:00,64028.67877702192,64037.54577645805,63998.15956996486,64035.59064549599,511.177316265681
2024-01-02 22:00:00+00:00,64158.53385833473,64304.255291585374,64123.7531966015,64207.03912631087,279.8802279917604
2024-01-02 22:15:00+00:00,64249.92755038953,64249.96809200388,64157.328161024125,64190.31091894398,908.095625547088
2024-01-02 22:30:00+00:00,64066.83043072479,64150.689102094984,64062.315173618554,64112.762215902745,743.9608106732944
2024-01-02 22:45:00+00:00,64070.137780354235,64058.80007993141,64035.8565889199,64049.78633315936,494.4879455958187
2024-01-02 23:00:00+00:00,64122.51118174626,64254.70683223177,64153.51181098123,64157.0948482844,599.0494408309722
2024-01-02 23:15:00+00:00,64260.493048164215,64291.519835514344,64176.52162347217,64225.89107963823,899.4734322156489
2024-01-02 23:30:00+00:00,64477.13758652458,64569.323573368434,64421.06130424676,64467.31843195773,841.4648860828264
2024-01-02 23:45:00+00:00,64542.09058406332,64579.30077529511,64462.72574849597,64546.41343557464,358.244336106142
2024-01-03 00:00:00+00:00,64703.01963305211,64733.73165777088,64687.69250583217,64710.637918690714,568.4070521195653
2024-01-03 00:15:00+00:00,65019.13863545505,65137.22151759356,64973.50933175165,64993.09487765914,148.9327980050001
2024-01-03 00:30:00+00:00,64977.811223721066,64985.274280961865,64913.80500710518,64946.84639333835,325.15661966973425
2024-01-03 00:45:00+00:00,65042.11885483502,65125.960667031715,64936.53063633768,65044.232171964526,280.50415318217074
2024-01-03 01:00:00+00:00,64969.44496554619,65078.114959460654,64993.628653965956,65034.504681839644,683.408546289181
2024-01-03 01:15:00+00:00,65222.243492192334,65186.45729114939,65123.585076163086,65179.988631658445,645.5309464532667
2024-01-03 01:30:00+00:00,65119.533518606855,65218.68708414687,65051.75450593927,65114.84343022447,739.2375714081318
2024-01-03 01:45:00+00:00,65398.081596071235,65394.993072705336,65249.58313468897,65333.49639190602,227.79859181721733
2024-01-03 02:00:00+00:00,65429.126491541836,65473.926478979105,65375.175161423416,65425.60616639754,347.30190238385273
2024-01-03 02:15:00+00:00,65313.79201301079,65332.9994762384,65230.68616614108,65320.090435192746,700.4023618475594
2024-01-03 02:30:00+00:00,65380.11861490824,65499.23857410465,65367.53107684498,65410.55907222879,632.6598461475503
2024-01-03 02:45:00+00:00,65373.90710121786,65401.66599376304,65305.54692963605,65366.47878805113,160.99459189534196
2024-01-03 03:00:00+00:00,65427.816759647874,65395.18537874749,65373.58820273801,65392.86285492603,832.7501206166339
2024-01-03 03:15:00+00:00,65587.01114489329,65634.16994312526,65570.70793077865,65577.31416616932,141.70361315730955
2024-01-03 03:30:00+00:00,65830.03965809218,65915.96939641483,65720.68220657945,65772.71055674095,889.6812496728745
2024-01-03 03:45:00+00:00,65585.60494705074,65568.34440009716,65503.66373549359,65557.93377510087,400.5113783017278
2024-01-03 04:00:00+00:00,65613.02272856797,65689.63765582208,65576.07214430749,65608.87599973936,991.2761374936516
2024-01-03 04:15:00+00:00,65553.10578990595,65595.56868531163,65515.07252415337,65577.51124610235,254.32537262670402
2024-01-03 04:30:00+00:00,65641.79782819285,65710.3301138123,65621.40027919576,65659.84550199754,101.56770381755321
2024-01-03 04:45:00+00:00,65586.80523015303,65688.0990429924,65599.92492982218,65623.83401102129,714.6009795353812
2024-01-03 05:00:00+00:00,65693.34016660154,65774.34336588807,65638.88572394622,65699.61975624754,542.366958263487
2024-01-03 05:15:00+00:00,65478.84324289167,65571.04694607828,65516.97871381277,65525.122097022395,892.8525271765898
2024-01-03 05:30:00+00:00,65596.11679345559,65630.524615729,65505.992728206016,65591.6909528222,448.5053290466215
2024-01-03 05:45:00+00:00,65480.340982029324,65578.73955242205,65468.2251141431,65496.22221281635,761.0823218168556
2024-01-03 06:00:00+00:00,65551.81702704371,65573.50029051086,65518.2525804043,65564.82706716115,997.9432643371315
2024-01-03 06:15:00+00:00,65605.6221103893,65640.04133826427,65551.33709905228,65557.02304015763,178.65996289588745
2024-01-03 06:30:00+00:00,65774.28168698943,65747.49502597717,65623.7483996878,65733.09375846776,886.5001911197744
2024-01-03 06:45:00+00:00,66040.73167356075,65966.12690331244,65955.56183959391,65965.34850268748,990.1480499839013
2024-01-03 07:00:00+00:00,65833.33955313337,65952.22538764086,65856.76761052122,65891.25331296441,376.43543300941013
2024-01-03 07:15:00+00:00,66379.7843957383,66445.88065971664,66321.32048528256,66362.766938684,658.7004656545733
2024-01-03 07:30:00+00:00,66445.84046994125,66527.20400275067,66373.48931832954,66428.02545709744,783.4422688920596
2024-01-03 07:45:00+00:00,66540.32632034324,66537.03409990807,66413.62941900265,66484.81184573074,233.8127939703281
2024-01-03 08:00:00+00:00,66440.75728486237,66516.70661535219,66392.78580101894,66456.71504521318,653.4416128342665
2024-01-03 08:15:00+00:00,66365.83016226573,66342.74463498301,66240.10660235322,66280.88354625562,274.8491466264249
2024-01-03 08:30:00+00:00,66205.18438489022,66244.75097209492,66194.78865097543,66211.34206864242,288.9581725238621
2024-01-03 08:45:00+00:00,66199.66315112928,66212.42644588034,66164.15242841588,66210.01846471557,378.11580451309726
2024-01-03 09:00:00+00:00,66286.53643403843,66406.40388867397,66297.14198833046,66349.59831138581,625.0319794598826
2024-01-03 09:15:00+00:00,66217.25650069493,66235.88085485307,66170.18125527963,66232.48028639953,379.03987630297826
2024-01-03 09:30:00+00:00,66107.38942546112,66122.65032783092,66093.55143357995,66100.86724757846,574.1404588243238
2024-01-03 09:45:00+00:00,66061.27875348185,66112.23944348923,66076.88616510663,66082.18333879054,574.5120668991945
2024-01-03 10:00:00+00:00,65970.39783864321,66027.30703693331,66012.33303914702,66016.77931958446,936.6471522692713
2024-01-03 10:15:00+00:00,65919.75303665764,65944.76000605915,65890.75955876685,65900.32136422969,180.42843097152888
2024-01-03 10:30:00+00:00,65850.43128885368,65962.06105584715,65838.73690562612,65925.1348609175,209.75252627698995
2024-01-03 10:45:00+00:00,65828.02716619229,65924.00791349132,65839.85246864983,65858.87921862844,793.4962519815285
2024-01-03 11:00:00+00:00,66015.29384628306,66049.95955399534,66014.96775681808,66020.50463572743,307.19763982190284
2024-01-03 11:15:00+00:00,66114.83714848844,66184.56426086472,66051.74207194972,66156.25716722956,890.0902761924239
2024-01-03 11:30:00+00:00,65834.13538316776,65912.75870254953,65846.88517958566,65869.87221437016,541.4103397618491
2024-01-03 11:45:00+00:00,65854.5869189644,65898.9758592169,65776.99491517076,65837.18639031329,109.41936796049983
2024-01-03 12:00:00+00:00,65800.24043345037,65853.84856521265,65812.25611486423,65828.75642531732,381.02687242202694
2024-01-03 12:15:00+00:00,66045.71079894633,66064.13136027253,65885.01288967128,66002.32256483701,403.9220827421888
2024-01-03 12:30:00+00:00,65882.59065674762,66037.83244303595,65876.46507312753,65932.81203043611,860.584559426092
2024-01-03 12:45:00+00:00,65846.40619456818,66049.04738605744,65824.16902746986,65909.74751863221,294.6989047415497
2024-01-03 13:00:00+00:00,66041.96171450995,66192.17184943182,65974.72054726272,66074.39202987401,862.5391655550732
2024-01-03 13:15:00+00:00,66303.67129296098,66336.82010823496,66231.88407152455,66241.1053631582,359.3328069529637
2024-01-03 13:30:00+00:00,66271.05035442337,66371.73205788816,66257.04790356242,66347.46583774904,925.1492848977762
2024-01-03 13:45:00+00:00,66182.69218017512,66246.46237384509,66134.64111522725,66190.5535123622,712.020685015953
2024-01-03 14:00:00+00:00,66382.69827154436,66444.90419422623,66352.69321005537,66405.66519925305,882.5691753245101
2024-01-03 14:15:00+00:00,66399.76598428535,66460.34520310287,66305.70095357213,66395.04601382093,755.9769722165198
2024-01-03 14:30:00+00:00,66288.96437875426,66396.60790195275,66323.48923762888,66358.38650382105,631.6703118356287
2024-01-03 14:45:00+00:00,66465.12998059894,66460.77792429262,66373.86359605868,66432.79593029286,634.5040728497148
2024-01-03 15:00:00+00:00,66594.72042387773,66784.73860760582,66622.63638061832,66639.77970334802,690.0863980335471
2024-01-03 15:15:00+00:00,66613.3486646518,66743.92877555905,66670.969099014,66685.31113842703,700.1073545361271
2024-01-03 15:30:00+00:00,66684.24492970617,66735.13692759446,66661.69924981761,66693.62509158369,191.88010535808695
2024-01-03 15:45:00+00:00,66858.48122254328,66836.36480907936,66712.07444340078,66817.99554010396,169.12655571296756
2024-01-03 16:00:00+00:00,67113.78962500113,67152.36007379564,67035.19661249794,67139.40822803107,995.8508008195886
2024-01-03 16:15:00+00:00,67045.22148927435,67082.54238879995,66912.37602994758,67026.76201019254,925.7617812187838
2024-01-03 16:30:00+00:00,67074.35467020041,67096.35458008156,66982.40008598684,67055.16358898408,143.31904073391138
2024-01-03 16:45:00+00:00,67406.81622459393,67469.73944846437,67311.91224782159,67410.07462188361,837.0819955010801
2024-01-03 17:00:00+00:00,67429.99897247646,67510.9624693381,67406.1622834931,67478.00403881437,589.8595146675618
2024-01-03 17:15:00+00:00,67289.24255934719,67269.66984831325,67195.93067994776,67237.55932413992,277.04481804081496
2024-01-03 17:30:00+00:00,67455.68066640348,67448.43134616388,67416.85662436916,67423.04773363018,590.0322570211971
2024-01-03 17:45:00+00:00,67342.20614071768,67393.61580072854,67332.65967984978,67376.46260674424,450.92493633383276
2024-01-03 18:00:00+00:00,67216.83556466209,67237.02768662991,67150.50092430021,67218.943247232,764.1658216787342
2024-01-03 18:15:00+00:00,67455.05175816386,67326.46762259722,67313.93189141122,67317.89523125517,682.7998760545113
2024-01-03 18:30:00+00:00,67330.04416883228,67337.37994294081,67184.15506033611,67291.18398863565,863.9534184029361
2024-01-03 18:45:00+00:00,67263.35483901955,67270.8727262337,67197.0035249156,67250.5133907221,523.2323125576303
2024-01-03 19:00:00+00:00,67197.067586879,67264.38046074145,67069.63542637121,67191.81044079333,384.0601357046878
2024-01-03 19:15:00+00:00,67278.77994032424,67419.12376061488,67103.70415191112,67315.9778270875,284.5226943449079
2024-01-03 19:30:00+00:00,67295.30130401181,67379.39103889701,67205.90274324322,67332.83476812189,891.9461720086939
2024-01-03 19:45:00+00:00,67639.67587763377,67578.36765099585,67528.01611152908,67551.01407647641,417.1601758624486
2024-01-03 20:00:00+00:00,67634.58234740088,67656.68796710436,67540.3330826084,67614.48929938197,984.1489591507388
2024-01-03 20:15:00+00:00,67598.51299362017,67591.93875570312,67505.51691144345,67563.0363879878,260.1399882142376
2024-01-03 20:30:00+00:00,67745.56746190859,67757.99439800292,67647.67119678816,67717.5717889852,383.2399172019101
2024-01-03 20:45:00+00:00,67878.82480990009,67963.26691075088,67810.47938329428,67880.1365474583,872.4730800237587
2024-01-03 21:00:00+00:00,67673.94880341405,67617.7412691093,67517.73488260322,67604.70838012056,967.1731082097306
2024-01-03 21:15:00+00:00,67684.56009429376,67751.34577405041,67694.58019321613,67720.98076977611,420.6647971057783
2024-01-03 21:30:00+00:00,67645.4030546952,67763.95868345484,67545.26055901675,67695.90415348335,740.6897657402043
2024-01-03 21:45:00+00:00,67793.56016266739,67788.50652666163,67735.77087473928,67774.53273211229,609.8175467803509
2024-01-03 22:00:00+00:00,67842.7742119205,67949.02298026881,67801.22715208713,67851.56844263327,321.8734357982539
2024-01-03 22:15:00+00:00,68189.25103985894,68300.22192828501,68196.09068063078,68233.83159092136,462.9958888482252
2024-01-03 22:30:00+00:00,68560.8740264546,68617.79841462804,68467.58828630898,68523.63199958991,333.60104381933775
2024-01-03 22:45:00+00:00,68690.20805296545,68726.19559751793,68632.1982630931,68639.86478780332,286.5248383059924
2024-01-03 23:00:00+00:00,68513.81117495299,68603.02602432464,68556.0200472882,68572.67063636806,599.0668292794238
2024-01-03 23:15:00+00:00,68489.68709178478,68550.57838567784,68436.17422608135,68474.89751568853,961.5093462361314
2024-01-03 23:30:00+00:00,68393.93518914921,68515.8192599795,68382.80356956343,68464.36731563811,434.24702628852515
2024-01-03 23:45:00+00:00,68542.23699795212,68620.03116489152,68536.54678932104,68547.54004152372,886.6741488774131
2024-01-04 00:00:00+00:00,68515.05219702933,68558.99540474592,68524.56503979208,68524.67938861118,822.9780481750945
2024-01-04 00:15:00+00:00,68446.34266073885,68452.60929947814,68409.0094776603,68421.13987532309,843.546175149281
2024-01-04 00:30:00+00:00,68659.26472665841,68693.61568255594,68631.05759175237,68648.58149167676,381.3347296127533
2024-01-04 00:45:00+00:00,68550.2904587414,68512.79405775237,68451.81974420068,68512.42333424966,833.7657652548332
2024-01-04 01:00:00+00:00,68661.15041658342,68680.71009786951,68574.77107979612,68630.0974164807,315.6579187408338
2024-01-04 01:15:00+00:00,68428.4309996883,68555.97474814772,68415.8772710151,68479.35386628659,873.6460192549266
2024-01-04 01:30:00+00:00,68512.46804905392,68591.7875486754,68508.05800991229,68517.21567275173,173.25898548918246
2024-01-04 01:45:00+00:00,68397.63323751833,68491.96660508127,68372.59885447791,68410.99625697901,738.957183837869
2024-01-04 02:00:00+00:00,68461.72948465499,68466.42672669367,68390.29948764398,68440.77635948536,945.4838695162478
2024-01-04 02:15:00+00:00,68388.96571552439,68393.23589992068,68193.93523817704,68323.40969438404,495.7367166631114
2024-01-04 02:30:00+00:00,68078.44452695631,68094.18493024142,67988.000066297,68080.45902254972,336.65871185993234
2024-01-04 02:45:00+00:00,68182.16830029817,68153.03270947214,68062.0299492564,68118.91392396763,893.3606869433642
2024-01-04 03:00:00+00:00,68016.3194015542,68063.59357245464,67964.60497905915,68057.83970530689,493.9301900526019
2024-01-04 03:15:00+00:00,67981.43279703138,68068.76684688996,67989.31464768568,68064.28713395447,802.5998007045345
2024-01-04 03:30:00+00:00,68506.90352012478,68512.04853985555,68486.44156864852,68511.35093664433,682.5992855712091
2024-01-04 03:45:00+00:00,68992.98106191821,69106.31307588042,68916.67487561487,68983.53449959034,767.8938117629021
2024-01-04 04:00:00+00:00,69162.4148907331,69225.67337801687,69185.0905707012,69218.94450447307,369.99146173527987
2024-01-04 04:15:00+00:00,69297.53883896575,69392.22772143796,69281.40070389991,69373.18309724427,567.8878416268101
2024-01-04 04:30:00+00:00,69632.16206821988,69686.08918738006,69629.76092366323,69643.5039305169,594.0137052134693
2024-01-04 04:45:00+00:00,69559.33642217742,69634.6045278591,69488.7128871417,69610.61995703296,200.94938011486454
2024-01-04 05:00:00+00:00,69640.62149788915,69850.24751671765,69598.36868445051,69694.0286735258,876.7453013840521
2024-01-04 05:15:00+00:00,69595.24170210998,69702.86763089732,69530.8354310059,69557.8645844147,169.46507369234587
2024-01-04 05:30:00+00:00,69650.26207052622,69672.49330525837,69638.4188910294,69652.10053689458,991.7696024378405
2024-01-04 05:45:00+00:00,69701.85982256393,69700.8864029693,69638.5474545163,69678.08907911778,231.6933099566499
2024-01-04 06:00:00+00:00,69739.80531050029,69831.84746764654,69713.56761071582,69745.54067112948,321.80311244702864
2024-01-04 06:15:00+00:00,69952.00597686452,70020.80024277282,69898.09184542466,69945.96022654243,286.8542926139694
2024-01-04 06:30:00+00:00,70152.84927456436,70312.15101760473,70173.06291516176,70194.25917262079,349.5560837309997
2024-01-04 06:45:00+00:00,70193.29577650374,70347.60800505037,70091.84117377542,70164.36170163343,458.3088942668214
2024-01-04 07:00:00+00:00,70222.90057208114,70222.70083684604,70169.20942210237,70195.73957078288,217.97305724209895
2024-01-04 07:15:00+00:00,70483.49203500785,70455.93277919551,70389.83605959165,70427.44828023991,693.0518581518216
2024-01-04 07:30:00+00:00,70461.08842204916,70514.14260765718,70393.88632550849,70426.33705982483,960.6281210149235
2024-01-04 07:45:00+00:00,70557.93795166208,70672.71781656028,70543.45670967668,70581.9251687738,623.7569767054105
2024-01-04 08:00:00+00:00,70770.28894179838,70733.37318521387,70716.6011041611,70721.48651564847,627.6045711795426
2024-01-04 08:15:00+00:00,70747.32174909976,70844.53707345185,70696.84427001048,70748.17473729975,604.8987609391525
2024-01-04 08:30:00+00:00,70599.51219754698,70611.03833387805,70455.46930962968,70575.11342068233,497.43298536813035
2024-01-04 08:45:00+00:00,70522.10664415431,70648.7312118363,70548.97726506912,70622.89265605567,370.08768469833313
2024-01-04 09:00:00+00:00,70800.94252166348,70877.80552530206,70771.31336019507,70806.27830860496,444.9982363327525
2024-01-04 09:15:00+00:00,70740.71766386303,70848.79488396824,70667.68334888417,70754.63086494365,224.77961666495332
2024-01-04 09:30:00+00:00,70574.5037379045,70661.81993237935,70519.0206226815,70608.08404849617,655.2922500806454
2024-01-04 09:45:00+00:00,70676.6082378787,70747.06443302221,70602.95679306942,70657.31427850178,300.92608538641014
2024-01-04 10:00:00+00:00,70699.35606880223,70851.30603773099,70692.59898384215,70721.03247918272,748.5702603175453
2024-01-04 10:15:00+00:00,70725.91951060518,70751.54060509265,70712.43876607159,70716.49562794542,416.1650289231188
2024-01-04 10:30:00+00:00,70598.87507861083,70700.67340265123,70584.47487157631,70656.32097151635,802.1222866980199
2024-01-04 10:45:00+00:00,70565.16136562702,70608.1341069406,70571.68503376779,70587.83319325709,328.80156236789117
2024-01-04 11:00:00+00:00,70387.83291630438,70545.45844794868,70443.50095935797,70470.86069342401,624.438743572366
2024-01-04 11:15:00+00:00,70512.4408760417,70696.49201723671,70438.07604570575,70541.14338579931,273.61399198752054
2024-01-04 11:30:00+00:00,70445.4931484643,70401.47518969985,70290.11951697065,70364.17937708796,962.1831284110739
2024-01-04 11:45:00+00:00,70187.32474424741,70184.32014058893,70068.60850603452,70137.74904633868,663.2736236206633
2024-01-04 12:00:00+00:00,70197.69719485445,70222.4782472358,70083.18979715621,70174.03347554298,753.6174833007349
2024-01-04 12:15:00+00:00,70537.68815471916,70499.70747140722,70453.39699099034,70488.05920900962,562.7604485781619
2024-01-04 12:30:00+00:00,70827.87043859538,70987.85818419256,70872.53093559924,70886.9241428236,812.3873682138021
2024-01-04 12:45:00+00:00,70658.2502646858,70745.54264007807,70612.50594801546,70621.8976678391,795.410141056517
2024-01-04 13:00:00+00:00,70705.71098573678,70755.47243145217,70671.82845545199,70712.3251171334,135.44599416644814
2024-01-04 13:15:00+00:00,70727.57711792891,70804.90068614275,70743.54743833076,70803.34418764334,434.8474533255382
2024-01-04 13:30:00+00:00,70827.32203281837,70957.7226553117,70904.04599004655,70954.13787705195,945.5052459084394
2024-01-04 13:45:00+00:00,71250.76209375486,71222.54515928036,71115.7708436054,71146.50311094514,809.9495691184999
2024-01-04 14:00:00+00:00,71230.46151722336,71167.15469901318,71099.5706042661,71129.41142520352,533.4063317641967
2024-01-04 14:15:00+00:00,71051.12502508202,71219.9437864469,71084.29441243617,71107.75296659592,224.1566982921795
2024-01-04 14:30:00+00:00,71072.47870358075,71210.19929167198,71110.43753691933,71123.40367614444,698.2232344302647
2024-01-04 14:45:00+00:00,71184.96119786342,71355.85098907474,71078.30272058911,71205.99576382658,451.237235545421
2024-01-04 15:00:00+00:00,70966.4343139049,70968.51707612045,70907.8194914496,70942.03179245064,293.23480216045107
2024-01-04 15:15:00+00:00,70853.83331077744,70965.23208033004,70797.96610827505,70876.1594230993,387.2664552045486
2024-01-04 15:30:00+00:00,70766.43153593568,70773.48675907886,70654.80073292405,70725.60341310095,489.4958030916326
2024-01-04 15:45:00+00:00,70822.68551170999,70741.23130287425,70719.74393386001,70736.7540738724,774.3120724319307
2024-01-04 16:00:00+00:00,70753.80190680268,70853.37337649199,70779.68488720954,70797.7655936344,574.6139566166164
2024-01-04 16:15:00+00:00,70752.30498830401,70806.71899622872,70740.01766234664,70760.0409699983,618.0358638526571
2024-01-04 16:30:00+00:00,70835.811638171,70966.42865023555,70892.53873581166,70896.0981660374,988.3979667281869
2024-01-04 16:45:00+00:00,70949.5260141418,70970.85898773605,70814.66440071531,70875.31485988555,959.8262459038164
2024-01-04 17:00:00+00:00,71157.27384655918,71138.23715522974,71073.80979573753,71101.13290866942,229.69037628124826
2024-01-04 17:15:00+00:00,71001.15615017517,71232.47646100567,71052.8699295218,71058.57152027673,633.573057267883
2024-01-04 17:30:00+00:00,71128.40326909632,71127.98237850092,71098.67114310063,71119.02632586398,684.0188565611548
2024-01-04 17:45:00+00:00,71067.77479496662,71095.17783215185,71020.98770624942,71040.23017986072,943.5891867798676
2024-01-04 18:00:00+00:00,71080.20660152985,71167.21887045456,70975.9113840244,71051.72218600557,508.7630054553538
2024-01-04 18:15:00+00:00,71265.96054869112,71267.70066950757,71125.15538624891,71207.20282823528,665.1529201579555
2024-01-04 18:30:00+00:00,71235.59335431122,71273.15591679628,71194.90179013429,71202.9879766202,760.4049277269846
2024-01-04 18:45:00+00:00,71109.45173473637,71217.97170121346,71124.6369329182,71192.90201769576,791.0260951556506
2024-01-04 19:00:00+00:00,71359.91742781662,71455.48620762922,71315.27895623764,71319.79929665779,511.223277343507
2024-01-04 19:15:00+00:00,71482.72220735719,71517.31371523521,71420.16799510573,71490.00220921195,535.6890390731543
2024-01-04 19:30:00+00:00,71390.89429457621,71481.17845681838,71397.70107169787,71446.3947080603,993.0329584939492
2024-01-04 19:45:00+00:00,71589.36705142407,71539.32931779893,71408.04870627953,71537.39586235225,954.3101819886722
2024-01-04 20:00:00+00:00,71271.59365833737,71273.42360205278,71155.2596918483,71247.35550260746,207.25012207847982
2024-01-04 20:15:00+00:00,71259.09641600862,71310.94849224885,71290.45220666949,71299.11079940862,980.2422336482833
2024-01-04 20:30:00+00:00,71186.02803019852,71170.75548173494,71069.38120208393,71132.31541659946,453.4015363664904
2024-01-04 20:45:00+00:00,71268.2428940847,71294.80856178893,71084.16127768504,71278.87073266406,187.33488822926665
2024-01-04 21:00:00+00:00,70996.15155556348,71036.85177179187,70983.79780796156,71018.26621791071,294.9171023468856
2024-01-04 21:15:00+00:00,71014.71427234079,71098.33971050219,71001.99661526324,71035.91152589265,821.6365188203891
2024-01-04 21:30:00+00:00,70793.49116264856,70893.69622594478,70861.03865005884,70877.86342076083,525.9412560455073
2024-01-04 21:45:00+00:00,70948.30280250836,70938.28970211917,70904.92799283129,70918.72025577162,569.0265623392321
2024-01-04 22:00:00+00:00,70846.68449541314,70856.34769154673,70829.19866128577,70851.76717756141,349.76766578144696
2024-01-04 22:15:00+00:00,71236.7774108201,71273.98605494246,71223.70344958463,71256.07967464777,468.5245386196176
2024-01-04 22:30:00+00:00,71336.6171045413,71305.17826007899,71222.07733678631,71288.14556480786,422.49143301540136
2024-01-04 22:45:00+00:00,71044.07972944288,71240.22823720964,71117.95796304,71150.65710093678,259.444732132893
2024-01-04 23:00:00+00:00,71208.07973072203,71429.29617760492,71175.78143202151,71250.77293641603,317.88661608558743
2024-01-04 23:15:00+00:00,71068.7253489731,71138.01371479106,71112.76830806125,71113.8939587331,745.4231708988048
2024-01-04 23:30:00+00:00,70900.60332538468,70947.00904589228,70779.31232478836,70912.72326143306,567.2126579454346
2024-01-04 23:45:00+00:00,71036.65547642442,70997.22269491707,70945.3038100564,70973.63258799772,983.8519052378738
2024-01-05 00:00:00+00:00,70647.12048396154,70762.91958912472,70645.24063836488,70706.76074754898,923.0076477685337
2024-01-05 00:15:00+00:00,70770.44987326015,70749.02800353464,70724.51596486077,70744.5475942113,550.0164539552643
2024-01-05 00:30:00+00:00,70760.921506622,70772.60767459196,70702.9352883666,70733.38583422263,240.03556946408582
2024-01-05 00:45:00+00:00,70908.84234396345,70968.47543906941,70910.76573372784,70914.44554049073,626.8185689918088
2024-01-05 01:00:00+00:00,70850.81036637306,70941.88264599946,70815.30254699213,70865.75708855712,461.280730381675
2024-01-05 01:15:00+00:00,70945.1284999279,71073.48741152392,70976.59197945229,70984.7631078802,789.9906152891663
2024-01-05 01:30:00+00:00,70986.52266461724,71041.0595449006,70937.29477085694,70976.9767258125,971.7823010312704
2024-01-05 01:45:00+00:00,70983.00347550007,71007.93799722113,70871.53998582944,70978.95620996662,999.6026976080548
2024-01-05 02:00:00+00:00,70887.31868831482,70969.17512585752,70934.40933231734,70945.49655029466,919.2353265420134
2024-01-05 02:15:00+00:00,71032.56953271554,71017.34722863455,70843.5692349017,70940.29936166374,637.135256935136
2024-01-05 02:30:00+00:00,70927.38427874637,71044.25866061871,70884.85350468452,70967.65586960877,379.0018052058206
2024-01-05 02:45:00+00:00,70973.2534184282,71068.0054262732,70972.6664002564,71008.78911258769,622.274290792267
2024-01-05 03:00:00+00:00,70804.13685340407,70796.71479567816,70697.65619723067,70732.58203198254,886.1730124446889
2024-01-05 03:15:00+00:00,70856.2573725654,70891.66860653476,70835.36008065278,70857.71753496504,946.969583356238
2024-01-05 03:30:00+00:00,70806.93266114377,70868.94117673299,70751.64853989492,70838.87407596342,402.82081058999086
2024-01-05 03:45:00+00:00,70644.53867289872,70755.8545697755,70616.75046577438,70685.40359216186,393.0249820138831
2024-01-05 04:00:00+00:00,70730.78466005926,70703.98658932655,70569.37047446962,70671.57926232327,687.6228415392864
2024-01-05 04:15:00+00:00,70565.17193383577,70570.97299283772,70510.98705400462,70564.99188546183,484.0348832722999
2024-01-05 04:30:00+00:00,70698.06524843714,70635.5004379585,70471.05408589881,70582.43735417482,754.5097492346533
2024-01-05 04:45:00+00:00,70549.83626871223,70647.31648651656,70564.16585436542,70572.49207636499,587.760900216077
2024-01-05 05:00:00+00:00,70358.01520333318,70478.76506181716,70402.68690205996,70435.76117272535,558.9576831544343
2024-01-05 05:15:00+00:00,70496.8989060578,70510.31219661832,70370.60060760542,70481.67753258534,158.4493239099378
2024-01-05 05:30:00+00:00,70375.70967077561,70378.43648652661,70371.0924857954,70373.54870151232,971.6876295354325
2024-01-05 05:45:00+00:00,70485.28215935949,70582.14253942468,70324.53082784747,70446.55198110087,775.1480964407554
2024-01-05 06:00:00+00:00,70144.81083190293,70238.50372913909,70003.66629862075,70136.53049500102,967.8212474755915
2024-01-05 06:15:00+00:00,70217.65054890394,70319.71175158635,70093.27928024463,70173.31350546483,252.75732057607573
2024-01-05 06:30:00+00:00,70023.33966274522,70129.90897470673,70056.91097930429,70106.14193890788,122.48564377418178
2024-01-05 06:45:00+00:00,70099.51145470583,70130.55890703337,70052.01859131346,70064.19111325897,258.3798806342678
2024-01-05 07:00:00+00:00,70287.03425261028,70294.21413912362,70272.35715535819,70287.05388642765,183.1781828782606
2024-01-05 07:15:00+00:00,70174.97766370635,70290.51045573005,70212.24898174491,70250.82085472844,775.7770090215919
2024-01-05 07:30:00+00:00,70343.13341600825,70334.7052672494,70287.09589244911,70314.97942415375,678.1656470827492
2024-01-05 07:45:00+00:00,70456.86017963997,70497.97730198695,70472.14896767944,70474.25170688822,160.63801491320953
2024-01-05 08:00:00+00:00,70686.66742695439,70780.6755740693,70684.44974581203,70703.3181967782,434.13452749974164
2024-01-05 08:15:00+00:00,70557.92976819738,70611.59772894281,70543.95177755685,70573.840385606,433.37410332036353
2024-01-05 08:30:00+00:00,70847.5436251435,70751.07811654452,70695.17409784514,70747.44144563863,627.537630346342
2024-01-05 08:45:00+00:00,70636.32765845282,70662.9876772601,70573.44073725531,70630.48677921202,118.14447490137559
2024-01-05 09:00:00+00:00,70560.92336659688,70689.0910193594,70460.67722271326,70476.28939363705,864.4220082358606
2024-01-05 09:15:00+00:00,70704.88519983212,70741.27502514077,70635.46794938079,70684.48153507458,642.4732534503347
2024-01-05 09:30:00+00:00,70579.93062191307,70670.94972379402,70575.36863383075,70599.25397556787,598.0545062961403
2024-01-05 09:45:00+00:00,70687.84077879513,70707.38457944246,70542.4904404223,70647.87223321847,445.65471673419324
2024-01-05 10:00:00+00:00,70820.14765875952,70850.74542620199,70783.15001929866,70808.04919894764,177.12637045122335
2024-01-05 10:15:00+00:00,71028.5097542455,71053.11457257945,70937.62174328133,71051.61347497074,384.531471094352
2024-01-05 10:30:00+00:00,71106.40380491105,71133.32702165797,70958.69003714979,71058.03253395976,389.185089430399
2024-01-05 10:45:00+00:00,71061.03477482354,71079.16745336521,71017.1786641773,71037.00085663845,220.334661976088
2024-01-05 11:00:00+00:00,71015.33163263739,71056.0655059775,70933.13998984345,70994.85646213344,361.1626044017146
2024-01-05 11:15:00+00:00,70979.06448403459,71025.70063273374,70907.5386097011,71004.2927276986,626.9351086996302
2024-01-05 11:30:00+00:00,71152.69474257207,71199.62677246703,71129.67278900013,71165.35922306545,202.98579715336962
2024-01-05 11:45:00+00:00,70856.20066868776,70905.54602544606,70847.76265543449,70896.88715002348,138.00765164679882
2024-01-05 12:00:00+00:00,70887.9449031218,70904.7278003511,70835.49352674735,70871.64757108448,639.974099319486
2024-01-05 12:15:00+00:00,70991.19304345638,71015.19603292158,70938.4558775058,70994.46038117877,261.65011568500313
2024-01-05 12:30:00+00:00,71068.67323486276,71199.08345560319,71059.15761248842,71114.42150393713,208.1778190599813
2024-01-05 12:45:00+00:00,70983.69738702296,70966.47498305317,70878.49595904259,70883.93092868324,392.3021790129382
2024-01-05 13:00:00+00:00,70993.5493727817,71180.19088330957,71003.70756758453,71044.36553174788,917.4851367402567
2024-01-05 13:15:00+00:00,71059.45110226008,71108.05188669251,71020.92424779579,71067.06282574785,394.8349687994762
2024-01-05 13:30:00+00:00,71002.93565228413,70970.79413871266,70850.48869916692,70948.59114550622,816.4990385538923
2024-01-05 13:45:00+00:00,70808.92957773588,70908.91649570849,70811.58350073005,70812.15481412534,380.6833020672135
2024-01-05 14:00:00+00:00,70771.05219154191,70759.91493272834,70710.52032491703,70737.2120947432,194.0876057754419
2024-01-05 14:15:00+00:00,70662.96228913723,70710.87573849372,70652.31300618088,70708.59981042313,890.5999828085005
2024-01-05 14:30:00+00:00,70911.99565357511,70935.45021955046,70858.43089717586,70869.94816052046,607.7462086702227
2024-01-05 14:45:00+00:00,70711.91790030175,70759.71477383866,70722.23608334931,70752.26442678919,124.31876167403259
2024-01-05 15:00:00+00:00,70578.58889980643,70596.20640661582,70579.1414178813,70585.82066452561,256.5444529193942
2024-01-05 15:15:00+00:00,70497.21884111092,70520.56194601378,70395.10833191485,70466.72720195186,942.7870148405842
2024-01-05 15:30:00+00:00,70460.97222581138,70560.92503655187,70329.74205052207,70435.89666242775,449.9430246221584
2024-01-05 15:45:00+00:00,70148.51881395561,70195.08675849142,70086.11467607712,70156.92279048784,771.1850756539438
2024-01-05 16:00:00+00:00,70339.47995151937,70361.36382307699,70321.85926551236,70349.46018867458,648.8141726468305
2024-01-05 16:15:00+00:00,70357.70369586414,70433.03876613351,70255.19066597028,70367.87695746054,159.670459895624
2024-01-05 16:30:00+00:00,70485.28194359112,70475.63828291718,70368.08917940375,70473.9556046594,776.4899009167746
2024-01-05 16:45:00+00:00,70613.91323337548,70657.49934127757,70564.89397868312,70566.80934194283,680.316420831687
2024-01-05 17:00:00+00:00,70669.9945119014,70625.95068452012,70495.0732426033,70600.18087005563,281.1359674914629
2024-01-05 17:15:00+00:00,70532.1014551697,70704.78594659708,70557.03768965595,70566.67655303875,400.09943313254763
2024-01-05 17:30:00+00:00,70329.95297792547,70499.6086742866,70328.64397109767,70392.28713852273,964.6966663873551
2024-01-05 17:45:00+00:00,70406.0793827952,70385.21351773896,70207.30411962145,70348.44767441752,360.4117862165961
2024-01-05 18:00:00+00:00,70280.96748123365,70403.82489269575,70317.30735877085,70347.35359657706,610.8996367620261
2024-01-05 18:15:00+00:00,70445.20097171796,70471.35316058986,70411.16716448225,70435.04938847982,425.62580087177713
2024-01-05 18:30:00+00:00,70585.33035849563,70623.67468822344,70551.8080290647,70583.98658493467,777.0091725248733
2024-01-05 18:45:00+00:00,70735.73446084192,70813.90974369779,70678.87022802165,70768.21371408658,326.9672366601115
2024-01-05 19:00:00+00:00,70672.41376844939,70686.29934071894,70632.04352110182,70644.3036405124,357.9959140433857
2024-01-05 19:15:00+00:00,70639.64004626825,70728.98846517723,70550.21196348422,70647.81438646471,656.4655315707299
2024-01-05 19:30:00+00:00,70703.0696051588,70769.74858338978,70632.76366314055,70711.82295642725,711.3866752355749
2024-01-05 19:45:00+00:00,70711.7301471985,70745.8762060083,70696.81439102766,70732.90351925445,428.7076627881256
2024-01-05 20:00:00+00:00,70897.91244827803,71066.3664488874,70828.58666470423,70929.24961219204,867.9492823150835
2024-01-05 20:15:00+00:00,70903.9580405238,70910.02645998313,70810.19146541574,70905.531248432,943.1055731019223
2024-01-05 20:30:00+00:00,71147.03981786137,71117.2003970891,71079.12093305931,71107.7918861257,493.1729376728091
2024-01-05 20:45:00+00:00,71106.66736440826,71127.54663532035,71008.62310669417,71083.96169710539,997.3875963816997
2024-01-05 21:00:00+00:00,71027.54535200188,71142.64669886166,70943.08467387962,71031.463377131,719.9300386799806
2024-01-05 21:15:00+00:00,70839.79381353129,70912.2440126399,70809.31368721553,70843.37203310501,340.68830585261776
2024-01-05 21:30:00+00:00,70925.66508691141,70984.04236345817,70911.38388948888,70971.78450278445,892.5706701526665
2024-01-05 21:45:00+00:00,71155.37316047998,71202.1982103685,71175.93948983304,71178.580320865,473.68420719439456
2024-01-05 22:00:00+00:00,71288.91507272623,71361.63715765912,71298.27783195063,71310.4623248849,395.01547479288934
2024-01-05 22:15:00+00:00,71337.44516244731,71353.68949402495,71254.1395221661,71287.83345991481,557.5659997132775
2024-01-05 22:30:00+00:00,71474.3382255568,71460.81021464914,71284.17316521754,71410.19692311288,311.57253423486
2024-01-05 22:45:00+00:00,71409.22138126886,71369.04435626142,71292.4259361009,71323.92048232786,270.82218019187644
2024-01-05 23:00:00+00:00,71537.58830613477,71630.0084352631,71464.24923668735,71511.22274178371,231.3304269957773
2024-01-05 23:15:00+00:00,71238.04751967924,71264.72459977378,71184.64084254098,71262.47777327144,170.59933742443818
2024-01-05 23:30:00+00:00,71162.31011131138,71338.85864481337,71164.07226644298,71224.25633981533,927.9877413312347
2024-01-05 23:45:00+00:00,70987.15605937877,71051.79517360074,70997.65562791147,71018.29033397959,906.0895217293837
2024-01-06 00:00:00+00:00,71011.27616690185,71113.62239410759,70884.26619719985,70968.35756916781,936.7122625527928
2024-01-06 00:15:00+00:00,70802.90374184596,70907.85783336428,70720.04918628122,70821.24489770853,352.4317992965433
2024-01-06 00:30:00+00:00,70799.68819044427,70860.73482455433,70750.82502427578,70816.16340749977,640.1714183128676
2024-01-06 00:45:00+00:00,70898.97068694109,70990.48211072746,70896.27751664187,70920.25164883371,743.3560489914577
2024-01-06 01:00:00+00:00,70983.77331116951,70988.23267925618,70905.2580593578,70932.51369717282,714.5437071844441
2024-01-06 01:15:00+00:00,70956.2568115603,71052.93631119888,70933.35368752854,71000.0589530924,398.42455216421325
2024-01-06 01:30:00+00:00,70900.27581971466,71023.59957352257,70771.84886027031,70980.66689161639,882.6595655698441
2024-01-06 01:45:00+00:00,71109.97469311387,71201.45758270752,71098.93017134126,71134.02867452917,585.1436430870722
2024-01-06 02:00:00+00:00,71312.72462726939,71306.14576331733,71237.7665481967,71304.06380998692,701.7638303985673
2024-01-06 02:15:00+00:00,71132.62789777873,71132.14616115886,71055.39071323804,71121.24363015837,845.2163118502057
2024-01-06 02:30:00+00:00,71343.0910222901,71336.93901382541,71264.6025809202,71279.32726390667,418.66016650384506
2024-01-06 02:45:00+00:00,71423.74046639497,71469.17671585825,71219.28671404831,71418.12376896307,274.06770779607075
2024-01-06 03:00:00+00:00,71574.18005610617,71583.54759660173,71560.31794077314,71580.8010395614,689.8010935492225
2024-01-06 03:15:00+00:00,71717.34151231773,71716.44122508501,71558.72930114044,71638.45361823976,624.6367624415813
2024-01-06 03:30:00+00:00,71390.35867011997,71568.49263332051,71428.06700345656,71466.99655875556,714.2552273638499
2024-01-06 03:45:00+00:00,71600.46318376211,71616.76542670344,71546.91267956403,71602.60700452686,162.91589344300448
2024-01-06 04:00:00+00:00,71544.9550988467,71586.0364661257,71554.5272720902,71578.42710725809,873.5401163912446
2024-01-06 04:15:00+00:00,71701.85775250077,71637.26988347237,71589.86982589135,71635.9968668047,874.0897002466052
2024-01-06 04:30:00+00:00,71336.6578438495,71350.92183716493,71274.4798123024,71325.49849715784,471.6192843473577
2024-01-06 04:45:00+00:00,71461.70976664366,71458.28323922624,71426.68207834751,71447.94168154096,186.7905779550963
2024-01-06 05:00:00+00:00,71561.73016364194,71677.21716113787,71528.38236440865,71587.5515999801,372.18558631199824
2024-01-06 05:15:00+00:00,71877.23362443341,71923.6123053374,71908.14216196272,71911.31606485105,617.8544648856911
2024-01-06 05:30:00+00:00,72084.03502473354,72311.52503498193,72070.29159042664,72111.32053989932,123.49553728614951
2024-01-06 05:45:00+00:00,72096.53245082134,72193.1602409213,72071.09473510995,72105.18626251603,560.7528103307209
2024-01-06 06:00:00+00:00,72379.48990651075,72385.01154232878,72326.65622860781,72360.29827587142,733.0961595446612
2024-01-06 06:15:00+00:00,72174.8211070829,72208.099137267,72066.88986542022,72175.27632155079,864.1518827892027
2024-01-06 06:30:00+00:00,72722.62962527569,72766.21957421231,72694.2908414779,72748.87437203828,380.1514292432217
2024-01-06 06:45:00+00:00,73203.26918911311,73220.92068963127,73201.21459036366,73212.3835741753,321.0964713230733
2024-01-06 07:00:00+00:00,73312.4107008267,73384.05237606997,73260.52785887709,73348.80555689707,786.1965705600197
2024-01-06 07:15:00+00:00,73201.69024371791,73245.08332135217,73197.9462371773,73234.72428476845,237.77108855318107
2024-01-06 07:30:00+00:00,73391.55341304145,73324.53289646807,73218.45332392311,73269.865198082,626.5434382182931
2024-01-06 07:45:00+00:00,73348.75604897608,73406.09045802064,73362.3869344301,73389.03123616194,392.79870018264785
2024-01-06 08:00:00+00:00,73467.480520616,73519.33253028906,73410.74705526294,73456.52493564103,762.4766608416039
2024-01-06 08:15:00+00:00,73446.53354178465,73582.0717657354,73538.93879025536,73576.02532065932,585.2899465897754
2024-01-06 08:30:00+00:00,73741.22012128541,73838.77240774824,73620.83864680276,73748.21570559098,651.2188646878868
2024-01-06 08:45:00+00:00,73732.13845862045,73764.74080467159,73646.93931585451,73689.95198480281,249.30229857835593
2024-01-06 09:00:00+00:00,73699.86293186681,73767.24831032437,73701.74002197554,73724.2939430817,262.14379883039885
2024-01-06 09:15:00+00:00,73703.84405339148,73768.14306809046,73659.4406276173,73726.81557454391,938.532689404155
2024-01-06 09:30:00+00:00,73789.12572691649,73885.2147869837,73751.33992471588,73773.16287574859,635.7647563263521
2024-01-06 09:45:00+00:00,73872.01701266876,73925.66271693831,73806.73042657362,73890.21502867897,311.99521598462286
2024-01-06 10:00:00+00:00,73618.43259690865,73659.18111501985,73594.23064572374,73623.48329476225,790.6478817482915
2024-01-06 10:15:00+00:00,73655.37176951587,73669.03885604873,73596.5218780037,73655.37407363512,680.8551431303612
2024-01-06 10:30:00+00:00,73973.11637192877,73977.04455914396,73829.92769614267,73929.16879070649,227.8840317981555
2024-01-06 10:45:00+00:00,73819.00762217966,74015.83652275658,73805.95279462812,73885.47986150834,818.7130620965715
2024-01-06 11:00:00+00:00,73673.65003069931,73818.78310703687,73661.04703003897,73762.550582342,489.6332550962844
2024-01-06 11:15:00+00:00,73612.14659682283,73689.65087941165,73611.88185689344,73677.9839270802,180.0705785145738
2024-01-06 11:30:00+00:00,73810.26226274791,73867.39722589086,73782.5584669705,73798.10790362296,241.76428164992936
2024-01-06 11:45:00+00:00,73654.12474423676,73595.36042064591,73466.91196994724,73549.09079742694,700.6097290913442
2024-01-06 12:00:00+00:00,73583.43233146297,73620.6436716697,73518.74094876189,73596.81063138797,279.1670773125145
2024-01-06 12:15:00+00:00,73159.37725457775,73210.0744084498,73049.20691739708,73140.46572028931,294.87937077344037
2024-01-06 12:30:00+00:00,73392.61878847453,73393.16418784724,73271.99427574879,73378.3512400228,587.7591213593807
2024-01-06 12:45:00+00:00,73381.8330166985,73469.33724681284,73375.0357334884,73382.81048118294,778.9124789648068
2024-01-06 13:00:00+00:00,73532.20152729678,73679.93936873977,73513.27569643114,73598.2242909792,762.7222973453592
2024-01-06 13:15:00+00:00,73577.32891589815,73614.96355079119,73417.03385962045,73530.73692745261,699.6118245488412
2024-01-06 13:30:00+00:00,73583.0034528401,73705.68920256785,73494.86808235885,73585.96357442882,803.7923725407368
2024-01-06 13:45:00+00:00,73957.11681843693,74030.1062523468,73872.7010907166,73954.9505790168,403.1011906486261
2024-01-06 14:00:00+00:00,73790.00369111584,73942.54677305155,73808.41719974358,73820.32215279587,243.42514263022608
2024-01-06 14:15:00+00:00,74046.14330061732,74007.54032611259,73856.36014026322,73974.39911060015,768.1649406942669
2024-01-06 14:30:00+00:00,73682.03415473591,73707.77853912135,73654.13429889314,73661.18908218505,995.7508501285616
2024-01-06 14:45:00+00:00,73248.62144125445,73320.03142760668,73155.71414262062,73295.88869367739,152.71024054185284
2024-01-06 15:00:00+00:00,73377.83345035004,73540.90344791612,73296.56885194826,73411.62936465057,587.5780106505382
2024-01-06 15:15:00+00:00,73433.42814513315,73452.42927825569,73316.18397897335,73432.3746886594,814.0546893547738
2024-01-06 15:30:00+00:00,73409.02049258887,73441.96579634397,73326.80112066276,73373.98588469015,274.62291522282476
2024-01-06 15:45:00+00:00,73427.51074849506,73466.40056348918,73380.1279725599,73387.21680517074,933.2857898721298
2024-01-06 16:00:00+00:00,73378.55095493597,73368.53304539426,73116.81862696726,73325.94054394144,908.7093412341135
2024-01-06 16:15:00+00:00,73468.36667534627,73585.21502665801,73241.36236473742,73384.94425863364,566.374214646756
2024-01-06 16:30:00+00:00,73587.59643735924,73594.26274222737,73482.7932918782,73513.25113232495,167.94915743247276
2024-01-06 16:45:00+00:00,73706.42188465493,73709.12382001553,73667.39470235117,73673.42090799424,181.29546831921323
2024-01-06 17:00:00+00:00,73741.94748429686,73775.05232571883,73521.4769094186,73690.75096501966,180.09287796503338
2024-01-06 17:15:00+00:00,73867.16934187208,73870.67295292488,73812.64836180113,73826.43814512114,154.34987379172952
2024-01-06 17:30:00+00:00,73881.31673382598,74025.44848475988,73849.91420335922,73942.84480642756,793.5168390627515
2024-01-06 17:45:00+00:00,73967.16081711324,74136.47795245113,73915.99145390623,74015.81182414376,648.9557834463928
2024-01-06 18:00:00+00:00,74013.27347509394,74084.98108549025,73749.76263168208,73955.01606067692,131.58385375942504
2024-01-06 18:15:00+00:00,73581.54415046968,73577.92791557455,73527.01580141921,73563.7915441554,129.11786719672904
2024-01-06 18:30:00+00:00,73545.68726899523,73598.9968587325,73549.33308313905,73550.24688969058,848.3344123229115
2024-01-06 18:45:00+00:00,73517.67172643023,73682.21730700566,73501.88206434976,73530.52793348502,423.97104144193617
2024-01-06 19:00:00+00:00,73333.98543643064,73342.57584950468,73304.47109784005,73310.05959385239,749.1231771379273
2024-01-06 19:15:00+00:00,73513.27568721627,73511.77795061104,73396.8043799366,73440.81842905571,959.8685134712291
2024-01-06 19:30:00+00:00,73458.97586918138,73471.12505528364,73414.76968476863,73457.39837300807,705.2050467705307
2024-01-06 19:45:00+00:00,73219.7384024188,73306.41870972457,73164.26481612214,73274.2023209095,922.3795412156521
2024-01-06 20:00:00+00:00,73491.92821925148,73429.46958054378,73339.0766848051,73415.9136088808,444.40537095101956
2024-01-06 20:15:00+00:00,73553.71190165787,73642.76306776937,73502.02953201535,73546.90079297696,311.2083997141203
2024-01-06 20:30:00+00:00,73775.48623888618,73809.73580339304,73661.92510763688,73734.97264926632,788.8390918275765
2024-01-06 20:45:00+00:00,73615.9246812536,73665.99564216107,73542.79361391778,73578.02077070698,609.6685904623923
2024-01-06 21:00:00+00:00,73673.1295837953,73738.67761927171,73610.64971762987,73672.00251066235,136.65300670106242
2024-01-06 21:15:00+00:00,73550.36335053189,73603.85615673698,73457.3259803707,73562.62773212872,670.5379666743752
2024-01-06 21:30:00+00:00,73146.02334148058,73219.65036263186,73019.45725957777,73155.49056478859,816.7989721624072
2024-01-06 21:45:00+00:00,73070.22155173708,73205.26686747435,73008.32019964782,73092.8223422716,558.744647602351
2024-01-06 22:00:00+00:00,73083.49162004309,73187.16286257656,73008.63213984978,73060.50945018315,852.0666990527889
2024-01-06 22:15:00+00:00,73400.24166676741,73419.5540128071,73393.28237271341,73394.7602037828,806.1965747203774
2024-01-06 22:30:00+00:00,73446.7514068224,73475.40332143927,73304.20560782416,73457.71621724806,230.7281933280406
2024-01-06 22:45:00+00:00,73664.08667180958,73787.44862313067,73661.85376737313,73685.49393369212,240.01871185087367
2024-01-06 23:00:00+00:00,73599.45885014714,73656.14595180692,73630.82267206136,73635.80434111331,843.9705441960141
2024-01-06 23:15:00+00:00,73709.23331837195,73797.29429885723,73773.60937843277,73784.9165880614,576.512223623869
2024-01-06 23:30:00+00:00,73602.78188845846,73671.9013701175,73628.40120143846,73633.54319722221,505.90376978937854
2024-01-06 23:45:00+00:00,73796.23173409482,73936.06372861944,73766.02663216606,73812.65099855549,607.1496362119588
2024-01-07 00:00:00+00:00,73603.35075059188,73730.2314610606,73626.91468053385,73646.5283598706,469.2186006500159
2024-01-07 00:15:00+00:00,73857.75049752422,73911.39373490289,73831.07934195724,73861.19214659832,106.96571520453536
2024-01-07 00:30:00+00:00,73810.27551844924,73929.00193787322,73839.76403989935,73862.83813692337,189.60177163692651
2024-01-07 00:45:00+00:00,73721.56732753552,73844.21891541386,73694.64544076986,73775.00114417633,250.62967002711108
2024-01-07 01:00:00+00:00,73719.15514147289,73698.59524034418,73607.47997655025,73640.19410732276,913.3263881425446
2024-01-07 01:15:00+00:00,73805.38990240403,73786.50130599579,73706.05060816623,73783.3741926365,537.9859260717142
2024-01-07 01:30:00+00:00,73668.03280212187,73666.7484398875,73607.66858649744,73662.54535141312,919.7933448001725
2024-01-07 01:45:00+00:00,73748.94120000384,73721.9765213051,73657.14145139625,73719.67528401493,496.9792243619238
2024-01-07 02:00:00+00:00,73701.03431016314,73753.17824809738,73555.55283334068,73655.89226642698,784.1207199606323
2024-01-07 02:15:00+00:00,73617.46734179795,73711.17392964389,73673.45221221387,73695.0348289568,839.24404773913
2024-01-07 02:30:00+00:00,73757.53519259387,73743.22139901918,73634.23748965347,73712.23318469776,220.11578654174576
2024-01-07 02:45:00+00:00,73617.43861640053,73656.7558463764,73561.6632277948,73633.9286895059,734.2904252526945
2024-01-07 03:00:00+00:00,73422.5895403194,73661.18497789414,73473.56285703708,73500.91649997587,884.8220329735288
2024-01-07 03:15:00+00:00,73421.4212761712,73372.0543074072,73316.94575335247,73322.95159222257,861.5329671738214
2024-01-07 03:30:00+00:00,73285.74649828399,73498.53965702215,73360.97731085792,73403.18528696203,689.5611131107808
2024-01-07 03:45:00+00:00,73433.07705011417,73496.8145300494,73414.16701218921,73439.68043526151,454.0024387214015
2024-01-07 04:00:00+00:00,73629.96952277972,73764.22455176928,73696.35710415483,73724.63554507447,605.8424096349474
2024-01-07 04:15:00+00:00,73821.78709579444,73773.32298582747,73753.66337583213,73759.98282574695,461.60305114880305
2024-01-07 04:30:00+00:00,73544.08031367313,73560.71939480095,73446.79118405614,73514.74208613626,613.5722547357499
2024-01-07 04:45:00+00:00,73760.9624248534,73846.6684600088,73712.17958303247,73742.6380224681,179.76860906944788
2024-01-07 05:00:00+00:00,73561.53794729624,73715.26045924112,73520.26722058552,73589.15095922457,340.2317511040746
2024-01-07 05:15:00+00:00,73726.61661827714,73729.15575115639,73702.73546421615,73713.8284885031,936.0673692316594
2024-01-07 05:30:00+00:00,73618.4139728363,73692.09278177297,73606.3783172725,73659.44365602125,933.6787975033698
2024-01-07 05:45:00+00:00,73765.37837717491,73805.75775591946,73747.86454082941,73790.22874820227,406.9684792662937
2024-01-07 06:00:00+00:00,73721.75703234467,73876.77899026389,73771.4866975304,73778.12506865569,112.2340509869083
2024-01-07 06:15:00+00:00,73658.11045437506,73707.54348187643,73629.63296028305,73644.94594518225,141.76814569508696
2024-01-07 06:30:00+00:00,73482.00295750418,73569.96580215273,73466.7404030976,73521.77888791235,568.0733870663553
2024-01-07 06:45:00+00:00,73430.03744625094,73435.75516611863,73328.06059923023,73397.73908772664,232.20168394992658
2024-01-07 07:00:00+00:00,73271.34737234919,73322.27744691492,73244.91389012923,73305.67958701905,132.68918195504455
2024-01-07 07:15:00+00:00,73650.69982191305,73662.43696548222,73609.36270649702,73623.85295555819,814.5037291301263
2024-01-07 07:30:00+00:00,73710.55128154115,73860.05650152585,73605.2368046693,73658.6206461416,801.5486142241176
2024-01-07 07:45:00+00:00,73582.34806509095,73728.45625021905,73656.64345597159,73703.09645400978,862.1003702494789
2024-01-07 08:00:00+00:00,73866.28331907475,73947.79896879636,73870.44183026481,73905.43144083749,110.49439930411027
2024-01-07 08:15:00+00:00,73806.91354124062,73786.1582303887,73716.71785356554,73772.00867064823,309.4187522102976
2024-01-07 08:30:00+00:00,73666.39197045703,73718.10525012846,73635.72811153992,73678.76998058367,149.94139833893678
2024-01-07 08:45:00+00:00,73615.55958856607,73608.55838528692,73585.10788891517,73598.0634455105,913.6667625512565
2024-01-07 09:00:00+00:00,73420.59302213365,73558.1943430835,73369.25329125438,73497.22648658138,141.77189156653057
2024-01-07 09:15:00+00:00,73821.60755326728,73785.37967341815,73735.35071792392,73767.41721739151,173.28748387490404
2024-01-07 09:30:00+00:00,73688.88011497076,73805.87379410872,73703.0719837539,73716.36513896423,686.3207560444599
2024-01-07 09:45:00+00:00,73592.09578111154,73705.94171139837,73502.99314207742,73548.49500395631,682.6962432170759
2024-01-07 10:00:00+00:00,73491.70646864269,73620.04291976427,73479.61128320209,73520.2892048028,995.0107085359496
2024-01-07 10:15:00+00:00,73429.0705546313,73475.76914949324,73289.9903961967,73437.97212006913,920.2844389573011
2024-01-07 10:30:00+00:00,73321.92960478536,73316.25714933877,73252.98239201974,73292.44528243071,182.93306811904276
2024-01-07 10:45:00+00:00,73394.7913806211,73444.98771146697,73388.22578741102,73389.96808456304,585.3235793899535
2024-01-07 11:00:00+00:00,73071.43714662675,73159.40264331864,73064.8435330521,73119.72535974305,218.7440404432351
2024-01-07 11:15:00+00:00,73130.62637333709,73239.39118009253,73139.88916784259,73172.96583551037,230.02328313256487
2024-01-07 11:30:00+00:00,73373.33677316265,73547.85525104664,73338.75275432311,73413.18421029387,613.2150267891363
2024-01-07 11:45:00+00:00,73764.306885101,73942.29514561102,73696.795706222,73780.73742372314,643.809960481697
2024-01-07 12:00:00+00:00,74086.76808245262,74086.98156898984,74014.87971161277,74025.53518587415,917.6109143799958
2024-01-07 12:15:00+00:00,74032.06850315939,74166.86424336124,73885.25463901457,74010.3344449694,670.7417398284192
2024-01-07 12:30:00+00:00,74058.98822804682,74036.27226806607,73959.74460607413,74009.01614590557,732.6545369261285
2024-01-07 12:45:00+00:00,74137.38419092844,74336.06782554516,74153.67845651097,74192.07428683004,148.1936425324945
2024-01-07 13:00:00+00:00,74306.81203716304,74419.5341628124,74309.65097942359,74356.93294809076,458.71280803893154
2024-01-07 13:15:00+00:00,74201.735467659,74361.46983183526,74140.7779111832,74236.06435563356,385.335084536376
2024-01-07 13:30:00+00:00,73852.66646105821,73946.65142705616,73883.16795092156,73920.60092932222,829.1716734365741
2024-01-07 13:45:00+00:00,73823.9341245846,73875.98289610508,73708.48368405839,73866.9938910517,656.8455802260337
2024-01-07 14:00:00+00:00,74210.73387333374,74134.2304772974,74032.5820555454,74122.75064295057,113.36797437884934
2024-01-07 14:15:00+00:00,74245.57591835475,74309.60177988796,74098.02547572296,74126.3234801711,283.2948418198728
2024-01-07 14:30:00+00:00,74005.02008550694,73961.85588450337,73856.79810787372,73934.65380827637,201.0169072736541
2024-01-07 14:45:00+00:00,73747.61849590778,73863.80806678096,73792.57439225278,73834.17127351454,141.45078219509486
2024-01-07 15:00:00+00:00,73938.85333757655,74047.25627848788,73935.83430979024,73952.1979903465,559.8811050872719
2024-01-07 15:15:00+00:00,74037.18961102862,74157.26063249691,73954.71999935039,74036.98297546778,370.39110433564105
2024-01-07 15:30:00+00:00,74049.77545144845,74016.39098500303,73904.84185357484,74011.45175536584,970.6006931650726
2024-01-07 15:45:00+00:00,74094.79020557969,74077.98323212273,73938.54777012761,74053.61961389637,749.5156343907273
2024-01-07 16:00:00+00:00,74005.34454105711,74039.3428386161,73961.6926516009,74018.23288025745,395.7818039621829
2024-01-07 16:15:00+00:00,73998.34343241098,74087.09656837993,73875.79108509951,74011.96938081858,156.20319199254646
2024-01-07 16:30:00+00:00,73828.04659650294,73856.86038350652,73803.51296054415,73812.5474393424,881.3352695997497
2024-01-07 16:45:00+00:00,73599.91593421693,73648.81398990718,73549.60504634725,73632.26432494872,533.1312747183481
2024-01-07 17:00:00+00:00,73680.61010351627,73657.2241544081,73504.28395195464,73542.35500463996,639.9609308410998
2024-01-07 17:15:00+00:00,73508.88904867404,73506.02624996116,73462.26725611706,73467.94073526943,647.3442533360134
2024-01-07 17:30:00+00:00,73306.38600840117,73338.33641986057,73219.107150105,73325.22226187578,810.3124352879636
2024-01-07 17:45:00+00:00,73467.0095781107,73453.37506969771,73399.8597429662,73419.93950472696,863.8328129958677
2024-01-07 18:00:00+00:00,73456.14234055874,73535.57451430206,73477.43197181774,73513.85552500037,909.6341590687608
2024-01-07 18:15:00+00:00,73717.97859734483,73745.14850751238,73633.7706653568,73705.06687809926,622.7151821344779
2024-01-07 18:30:00+00:00,73709.72282007366,73726.25048695187,73632.4776513063,73708.48092578862,162.7249092199258
2024-01-07 18:45:00+00:00,73547.08196591306,73727.18371509563,73564.4228709404,73621.05737791037,159.3265352620886
2024-01-07 19:00:00+00:00,73518.79483277758,73514.84252565936,73425.47615020507,73496.45240000765,853.5326504104585
2024-01-07 19:15:00+00:00,73217.43599254421,73216.59170076966,73038.23962455057,73178.37094877083,993.2194980371313
2024-01-07 19:30:00+00:00,73173.00675288973,73268.47084988952,73113.47897393267,73224.28136976829,727.8442475171395
2024-01-07 19:45:00+00:00,73005.0078510677,73170.04738064171,72920.42726635213,73053.85897400216,196.72252909566265
2024-01-07 20:00:00+00:00,73247.68884650648,73233.87919802083,73154.04111744839,73209.43872653903,332.3090225733649
2024-01-07 20:15:00+00:00,73305.54444421655,73308.9850250011,73298.4956571404,73300.03189606137,255.46001584492925
2024-01-07 20:30:00+00:00,73349.14988369579,73488.02686016244,73314.7212880371,73401.25960389446,186.97094225825992
2024-01-07 20:45:00+00:00,73655.10488046402,73622.59006616885,73540.60288624988,73582.222811385,517.7489190027845
2024-01-07 21:00:00+00:00,73593.49808121931,73596.14438431695,73491.16636419474,73580.88745883112,616.9554041862197
2024-01-07 21:15:00+00:00,73567.88382086686,73617.0679997888,73566.24677739559,73587.04406483378,784.2977532781512
2024-01-07 21:30:00+00:00,73501.24531422046,73550.20035993497,73464.05691653932,73477.84605205864,808.1614890493115
2024-01-07 21:45:00+00:00,73359.65455576651,73385.86247670834,73338.42733992207,73381.9546044001,833.8592224003756
2024-01-07 22:00:00+00:00,73326.65516358866,73365.61276081893,73309.32034002882,73325.82929764109,983.3970849009453
2024-01-07 22:15:00+00:00,73399.72863843007,73424.45087797841,73291.98611288804,73417.477501936,106.41765363962111
2024-01-07 22:30:00+00:00,73420.97107930503,73528.35644797757,73285.19001446712,73393.31484163304,680.4578197680481
2024-01-07 22:45:00+00:00,73386.20485339701,73481.51512256179,73431.82914503549,73459.84007746843,127.05616746455891
2024-01-07 23:00:00+00:00,73639.31296858504,73657.57053410809,73465.48470424685,73507.4316230985,768.4200878092009
2024-01-07 23:15:00+00:00,73471.45742952912,73480.48389633099,73328.40511309699,73467.42521648452,954.313894599314
2024-01-07 23:30:00+00:00,73910.15187356486,73944.70847332338,73867.03775986168,73872.22795896798,181.46379594450082
2024-01-07 23:45:00+00:00,73896.97413360847,73949.52715304012,73892.03547819948,73906.70334099207,737.1938198235099
2024-01-08 00:00:00+00:00,74008.55480548946,74118.91523004397,73976.24188296776,74041.35051211453,585.5417242466463
2024-01-08 00:15:00+00:00,73733.60600694739,73776.8205921733,73614.84940520754,73750.72461025514,228.99957151196182
2024-01-08 00:30:00+00:00,73709.41331044331,73846.66255851914,73684.68692028799,73717.04178154716,515.3358644942697
2024-01-08 00:45:00+00:00,73730.58253429088,73871.56351654486,73736.8938687762,73773.8920108667,961.1580524868361
2024-01-08 01:00:00+00:00,73883.78675895488,74050.79483008708,73835.74413905815,73923.46925121213,806.1923152429196
2024-01-08 01:15:00+00:00,73752.52173032353,73926.37759253694,73743.60223991355,73807.44212679015,200.6611190955389
2024-01-08 01:30:00+00:00,73954.31037712624,73977.88797973286,73831.38608128378,73920.14247690333,767.5153415973246
2024-01-08 01:45:00+00:00,73693.8614123493,73849.6214157037,73657.460067161,73706.36801121783,316.60868993370394
2024-01-08 02:00:00+00:00,73662.97162324075,73771.56875889844,73533.71466799466,73639.1969410916,826.5087952127983
2024-01-08 02:15:00+00:00,73598.75250582233,73644.24903496024,73566.23461462451,73623.08662695764,515.8480267480284
2024-01-08 02:30:00+00:00,73930.77859844874,73910.51270200597,73846.11034784466,73909.28001801974,473.80467736358014
2024-01-08 02:45:00+00:00,73978.04162934127,74041.48657158957,73871.40609104403,73922.28390798379,890.6483974694205
2024-01-08 03:00:00+00:00,74216.43801726673,74204.21030736601,74150.73741727865,74165.77741846051,619.0680830962981
2024-01-08 03:15:00+00:00,73858.90091172156,73918.35902887578,73778.17931593135,73857.12734295092,846.8609026370317
2024-01-08 03:30:00+00:00,73771.68833898182,73792.94009658905,73675.1484992217,73738.27563303139,852.2323759867496
2024-01-08 03:45:00+00:00,73802.11462539199,73897.93258940772,73766.50731307894,73784.4599723324,199.11759395984126
2024-01-08 04:00:00+00:00,73586.95723982964,73683.48201117692,73603.7211705392,73656.81778077803,967.7464628263685
2024-01-08 04:15:00+00:00,73843.78435378589,73901.88500903263,73809.66042592576,73820.44222519906,847.2339132018077
2024-01-08 04:30:00+00:00,73607.00766412943,73717.88915280651,73637.49864644911,73685.88533539015,211.1901187063312
2024-01-08 04:45:00+00:00,73711.92855657694,73913.02066982361,73761.76455746453,73834.15072004513,845.2245998176078
2024-01-08 05:00:00+00:00,73734.4018198612,73850.07512564745,73614.60494421945,73714.19551641346,718.4268480173032
2024-01-08 05:15:00+00:00,73599.96610560923,73682.65070607794,73653.11082515931,73662.55937206469,476.8106874454189
2024-01-08 05:30:00+00:00,73893.8267165799,73856.56014379434,73778.89862688415,73830.80756318894,811.0048843494752
2024-01-08 05:45:00+00:00,73709.4464655815,73797.4933555143,73591.04870619171,73734.07509416543,856.7992048604183
2024-01-08 06:00:00+00:00,73780.37962163692,73836.99403143626,73753.1089077889,73811.45065322601,291.3025706956862
2024-01-08 06:15:00+00:00,73802.62667721532,73846.50654411374,73830.3982942296,73836.02573419732,355.6683864369507
2024-01-08 06:30:00+00:00,73803.00292244184,73845.05434233266,73748.49739548896,73837.79849857517,686.3445097791881
2024-01-08 06:45:00+00:00,74127.96952808516,74151.8488209975,74066.45026139887,74141.8118348738,195.33205954018072
2024-01-08 07:00:00+00:00,74232.12431341506,74257.12503397441,74095.27916776249,74240.9230858758,134.36425242922974
2024-01-08 07:15:00+00:00,74310.51447402452,74268.94723914977,74190.36132195381,74240.67987681397,968.2904871395682
2024-01-08 07:30:00+00:00,74288.78423092797,74283.54388971956,74168.72957170132,74265.81474362714,541.7796577472648
2024-01-08 07:45:00+00:00,74066.12176968432,74118.2716515914,74084.51274321455,74108.30055315675,373.207629923543
2024-01-08 08:00:00+00:00,74219.54926602762,74293.2399452722,74124.86705353142,74171.61995385223,975.0911677984499
2024-01-08 08:15:00+00:00,74253.86520341638,74316.31867665937,74263.09223052116,74270.68044723035,874.6282600936698
2024-01-08 08:30:00+00:00,74411.06119951126,74520.74595941803,74304.70778911193,74419.60743867373,383.80687178372807
2024-01-08 08:45:00+00:00,74751.09480982802,74758.344626086,74703.72439787105,74714.4664253728,208.91110380019393
2024-01-08 09:00:00+00:00,74807.47150360138,74939.1633986197,74715.80228433815,74793.79748750199,311.50559362717604
2024-01-08 09:15:00+00:00,74559.1760891664,74647.06844127315,74616.93769805899,74630.80754568544,953.6145074026924
2024-01-08 09:30:00+00:00,74692.29916574358,74752.34621785746,74648.72297521659,74679.51438227521,623.7196254918823
2024-01-08 09:45:00+00:00,74672.05424375413,74623.20679096035,74535.2163793026,74609.45060238664,103.57776419227791
2024-01-08 10:00:00+00:00,74489.34901249726,74523.67839215236,74490.34335930579,74515.16497966318,756.277146225077
2024-01-08 10:15:00+00:00,74551.44558585179,74486.89238706435,74359.68954413087,74424.05267787332,125.66740652510806
2024-01-08 10:30:00+00:00,74387.70059616354,74460.12372428726,74312.63180001295,74447.40646522245,349.8164339314244
2024-01-08 10:45:00+00:00,74268.33561381223,74362.76587504693,74284.67958363409,74339.75913757799,563.4089034155861
2024-01-08 11:00:00+00:00,74428.149832636,74434.04075443365,74358.88172717707,74400.24215148104,217.98047995176415
2024-01-08 11:15:00+00:00,74156.78859655291,74165.3809595335,74097.20404686655,74142.68772490253,945.9643721159871
2024-01-08 11:30:00+00:00,73650.88194936365,73779.64538313857,73708.63853684464,73729.79328165237,318.00129782006053
2024-01-08 11:45:00+00:00,73705.73385514681,73784.29388741284,73674.15563245102,73721.15393601322,933.0127076758977
2024-01-08 12:00:00+00:00,73524.51087730633,73525.74770983805,73466.66202805073,73510.37715168536,610.5316135555606
2024-01-08 12:15:00+00:00,73363.54438535059,73489.0380866658,73284.88982836288,73440.14270463548,742.3184001033195
2024-01-08 12:30:00+00:00,73132.6682345219,73198.9099958496,73088.92789599978,73175.36922768404,483.6520174721313
2024-01-08 12:45:00+00:00,72825.74799739258,72932.56546032646,72885.5300519655,72896.52669914445,146.4698369942368
2024-01-08 13:00:00+00:00,72932.77095746418,72989.33991917464,72735.595664998,72945.95212748171,965.7001525426675
2024-01-08 13:15:00+00:00,72892.56254192989,72967.9278660654,72804.80813195424,72886.38649133687,157.24205829605458
2024-01-08 13:30:00+00:00,72933.26979935788,72973.9381609933,72876.44919932603,72893.92891646943,699.2438343312543
2024-01-08 13:45:00+00:00,72995.35529939634,72923.40966236955,72826.1913745469,72903.40179910729,438.00214843813507
2024-01-08 14:00:00+00:00,72812.41735353114,72918.29693298266,72761.92664178896,72811.9935373339,348.69725528079897
2024-01-08 14:15:00+00:00,73060.9669660322,73053.65092611048,73022.48290491343,73048.04768949047,831.6467420026885
2024-01-08 14:30:00+00:00,73084.56052808248,73154.8966783724,73095.5133389134,73115.432764147,163.3681754492635
2024-01-08 14:45:00+00:00,73475.43309821666,73536.67255035383,73494.59622369846,73507.93932084851,376.2180203990115
2024-01-08 15:00:00+00:00,73680.53731039421,73821.40104274607,73653.10679210944,73756.42136908602,721.3970297989503
2024-01-08 15:15:00+00:00,73785.68680283285,73910.60849099905,73830.97369126733,73872.7055037673,339.48225511257704
2024-01-08 15:30:00+00:00,73905.9893846476,73976.79320451003,73868.60541662962,73884.79024251516,321.44617274076757
2024-01-08 15:45:00+00:00,73789.75816084561,73915.4310937398,73785.23076735334,73812.48031314783,346.8278968248544
2024-01-08 16:00:00+00:00,73788.31164062698,73836.03682793614,73565.27735065711,73719.51063950142,970.3347693098546
2024-01-08 16:15:00+00:00,73653.82622477302,73754.12547823881,73674.5834561703,73754.07591269826,826.1738861889293
2024-01-08 16:30:00+00:00,73883.4421584631,73918.49432117982,73865.61152410439,73912.30829230303,972.7926309427077
2024-01-08 16:45:00+00:00,73833.28258636854,73871.65476816666,73736.33884059884,73770.77190753497,203.31130165248436
2024-01-08 17:00:00+00:00,73809.36440712007,73898.03234037755,73667.25411294875,73781.30631048718,806.2587149175122
2024-01-08 17:15:00+00:00,73629.19858089757,73624.92207445914,73585.91083838046,73611.46900491604,124.86598746945833
2024-01-08 17:30:00+00:00,73665.40174992033,73859.0821632363,73637.89797723145,73641.89119857684,902.3714667455467
2024-01-08 17:45:00+00:00,73716.85327187741,73807.62496661065,73564.07949636603,73736.54606764982,116.22384869643429
2024-01-08 18:00:00+00:00,73908.92571477516,73909.28131681253,73875.26419499551,73897.64721844246,496.7318058606854
2024-01-08 18:15:00+00:00,73897.88884904982,74011.7754182136,73883.55774616046,73954.89764099322,740.1022250369056
2024-01-08 18:30:00+00:00,73931.48771659768,73962.92933716033,73840.67007666256,73875.66492876995,348.4635075193082
2024-01-08 18:45:00+00:00,73844.24236443834,73860.63301472535,73795.12573053873,73834.52722735151,291.56329868605826
2024-01-08 19:00:00+00:00,73836.22363894117,73922.3343665971,73838.73377482413,73851.70651359721,767.0263112752539
2024-01-08 19:15:00+00:00,73802.81650059711,73947.25867496942,73717.92028652149,73835.52177271018,839.1536196815719
2024-01-08 19:30:00+00:00,73910.60393694181,73956.0283972884,73820.55246100243,73897.78312405212,995.7213387494221
2024-01-08 19:45:00+00:00,74016.76679049798,74024.60722177761,73935.21824610207,73947.09225180105,871.0054962856206
2024-01-08 20:00:00+00:00,74063.74505444308,74228.87232784925,74104.06064237485,74112.17119805046,136.7913188506524
2024-01-08 20:15:00+00:00,73930.36094618833,74000.03710286666,73837.40669636002,73924.85364909151,676.6881819154435
2024-01-08 20:30:00+00:00,73934.68813291115,74124.78103721217,73843.76889118731,73980.54462197637,841.6293934402125
2024-01-08 20:45:00+00:00,73885.48623514315,73881.4582441263,73775.32201982015,73854.11410447751,782.1637988103053
2024-01-08 21:00:00+00:00,73851.35351147466,73904.3152017876,73794.85005680338,73830.40887484643,376.0442560208202
2024-01-08 21:15:00+00:00,73649.3260855716,73659.91229344813,73620.9611778807,73649.37885619281,744.0761941812451
2024-01-08 21:30:00+00:00,73646.65025530173,73672.91186066686,73615.03255558289,73669.6068806601,101.85670576953359
2024-01-08 21:45:00+00:00,73524.46652864947,73549.71731020776,73465.4011487837,73470.57920158117,829.7881475669841
2024-01-08 22:00:00+00:00,73346.1344666107,73465.23003165949,73325.44049471543,73363.74231297585,491.52758678707454
2024-01-08 22:15:00+00:00,73664.82619593118,73715.7702187471,73693.36799334726,73715.58387135607,285.5910386729614
2024-01-08 22:30:00+00:00,73818.83444441391,73865.52053925484,73773.76493663178,73822.97535174419,178.06750422905705
2024-01-08 22:45:00+00:00,74030.74443699078,74084.63745822918,73863.1039745248,73978.56675264137,462.6107306153079
2024-01-08 23:00:00+00:00,73737.3347282,73930.01169693614,73804.39552593105,73870.69185157346,482.4547155808944
2024-01-08 23:15:00+00:00,74080.31587030202,74065.07598478343,74020.18618337317,74057.14982257284,823.5809277652579
2024-01-08 23:30:00+00:00,74079.62397168316,74044.3866948846,74016.9030180288,74025.82655583994,771.4794815635166
2024-01-08 23:45:00+00:00,73854.53867298685,74015.88960420765,73926.00455198,73960.80256369204,900.8808611897734
2024-01-09 00:00:00+00:00,73947.90252262064,74165.20957750203,74020.00638919037,74055.59710140892,374.57547124988434
2024-01-09 00:15:00+00:00,74085.39462259099,74129.87531369994,74003.06321018077,74091.25531572831,567.7659999437597
2024-01-09 00:30:00+00:00,74287.85366256462,74433.62257169178,74237.02540128847,74289.82802383775,291.6107927641659
2024-01-09 00:45:00+00:00,74074.61268975782,74123.03700482844,74072.84055026763,74113.88454386363,244.52991332348574
2024-01-09 01:00:00+00:00,73973.808881472,74027.67441447813,74000.99565459204,74013.09390037713,508.38386930944375
2024-01-09 01:15:00+00:00,73928.84879229439,74007.58402505581,73951.14791469542,73958.91067923639,606.2710140176837
2024-01-09 01:30:00+00:00,74012.10938748757,74084.45912232404,73902.95103169273,73988.04740357744,773.9860152435015
2024-01-09 01:45:00+00:00,73939.36291620275,73991.21498943552,73893.90743718427,73935.05685329203,492.8837921280139
2024-01-09 02:00:00+00:00,73916.6221929433,74006.568223555,73893.07607811652,73938.10802143945,262.7586851559362
2024-01-09 02:15:00+00:00,73901.84415585514,73978.96341448955,73859.08943906285,73905.83586029564,698.274540321871
2024-01-09 02:30:00+00:00,74025.56913490823,74074.18497983264,74013.7136002199,74056.69006113968,124.70553957752165
2024-01-09 02:45:00+00:00,74059.23477864076,74013.1730456974,73983.92711266704,73988.41501781705,841.0507444800487
2024-01-09 03:00:00+00:00,73946.05179901356,74033.04239786843,73861.97639807782,73942.53985364837,408.8245660444693
2024-01-09 03:15:00+00:00,73905.56445651433,74083.30265365684,73964.35795123664,73967.40731803744,769.4980556255906
2024-01-09 03:30:00+00:00,74007.89495054068,74058.43558743206,73918.85120788016,73967.56721793933,556.8287030006932
2024-01-09 03:45:00+00:00,74003.09833960778,74085.59882710045,73911.08148699647,74017.77270184581,690.1472550260371
2024-01-09 04:00:00+00:00,73926.31581097058,73939.05924816456,73844.59871369983,73845.14341802507,532.2077392572178
2024-01-09 04:15:00+00:00,73888.91466559249,73949.70774310979,73800.08887562712,73873.4420509018,196.81324997514193
2024-01-09 04:30:00+00:00,73904.68951869945,74016.87706950548,73827.43877588605,73863.19606925,615.1295911824819
2024-01-09 04:45:00+00:00,73730.13367230615,73792.58864777634,73673.00352646927,73747.21890091163,531.4910998026529
2024-01-09 05:00:00+00:00,73562.69645892073,73699.98752203041,73334.42730565746,73519.60231037422,869.4345485902224
2024-01-09 05:15:00+00:00,73572.72028558626,73611.38826324831,73502.32743692785,73559.28382800837,880.4716980262906
2024-01-09 05:30:00+00:00,73591.176288499,73586.15993020401,73489.6221484562,73553.71432168773,112.23507801495781
2024-01-09 05:45:00+00:00,73590.6608152775,73558.78676238748,73479.10613393177,73557.90786826705,956.0787796118423
2024-01-09 06:00:00+00:00,73486.87406926877,73523.17415560508,73460.60256163315,73515.81244308909,602.569893267628
2024-01-09 06:15:00+00:00,73703.2265486688,73840.15755241764,73625.19400581495,73728.57310996324,280.4749270836279
2024-01-09 06:30:00+00:00,73547.50756253759,73672.44329236336,73511.87558469138,73584.021410337,904.4569040786777
2024-01-09 06:45:00+00:00,73617.65758603804,73674.25207090672,73548.89044243397,73589.45523218527,706.862590513695
2024-01-09 07:00:00+00:00,73519.76066345246,73673.9356709976,73498.05247291288,73530.08360281486,915.8171358549505
2024-01-09 07:15:00+00:00,73243.40108640498,73262.09848659697,73168.64461581311,73243.74206373224,646.7932371893579
2024-01-09 07:30:00+00:00,73223.94226424785,73365.51835633836,73261.47076740407,73271.17815152113,236.86788805952537
2024-01-09 07:45:00+00:00,73089.97008171443,73130.99924401075,73077.63403490887,73091.23361642718,613.7500819226974
2024-01-09 08:00:00+00:00,73176.27425791654,73288.01208642023,73177.7713016391,73216.5281715172,478.0453423611804
2024-01-09 08:15:00+00:00,73375.25267308505,73414.87654332421,73286.18743482331,73351.99984066101,567.9482060149847
2024-01-09 08:30:00+00:00,73474.62601404518,73517.3030924363,73313.19512455308,73422.4035862603,106.12317736708717
2024-01-09 08:45:00+00:00,73595.01469485431,73622.53362640363,73461.21017969155,73514.12483072095,340.99834243821965
2024-01-09 09:00:00+00:00,73429.62031614792,73483.23929429412,73398.5465874031,73462.284299302,112.62508983678899
2024-01-09 09:15:00+00:00,73593.27563958021,73666.00379325383,73577.24390974469,73578.09221526074,822.4553410246251
2024-01-09 09:30:00+00:00,73699.3118409974,73868.03054576725,73603.64272166658,73727.86504663825,477.5593261179487
2024-01-09 09:45:00+00:00,73841.37349468099,74031.15161545544,73822.93361448648,73907.93872438306,783.0926064282991
2024-01-09 10:00:00+00:00,74118.26998758569,74125.25555809974,74059.68781159364,74109.76737814106,678.6662116076086
2024-01-09 10:15:00+00:00,73842.87239150128,73911.83209704503,73854.45149396759,73909.03837017453,826.2497043651322
2024-01-09 10:30:00+00:00,73926.6008017745,74074.37517796832,73971.31546109554,73971.33843776035,755.7018056663386
2024-01-09 10:45:00+00:00,73693.68547628274,73651.2038130857,73589.94243274145,73626.39921208347,862.6647597309858
2024-01-09 11:00:00+00:00,73806.03041609119,73795.52916983025,73752.23782593837,73784.62627077193,486.41772271280723
2024-01-09 11:15:00+00:00,73698.59961996468,73729.15930020323,73644.48208706726,73704.61614820959,986.1853174477277
2024-01-09 11:30:00+00:00,73696.90337593068,73893.30596166266,73749.16256440258,73762.54604859816,257.1296519650924
2024-01-09 11:45:00+00:00,73770.22611343501,73719.9322145408,73700.90586184789,73708.86921912816,593.4640520063278
2024-01-09 12:00:00+00:00,73708.52091935018,73863.48045897222,73667.93986791089,73780.65732760701,298.0770325883103
2024-01-09 12:15:00+00:00,73877.48686599023,73956.9051545996,73834.04133525836,73894.73602092627,612.3476097275754
2024-01-09 12:30:00+00:00,73752.37970169113,73884.3336139001,73706.83484908892,73748.42524637729,495.5607699755766
2024-01-09 12:45:00+00:00,73625.82972664753,73833.52334021956,73647.56140614199,73685.47047247835,533.5797857122102
2024-01-09 13:00:00+00:00,73640.52846564539,73707.474036494,73642.75301134448,73655.353589138,486.88274767300356
2024-01-09 13:15:00+00:00,73770.33050047953,73828.15549453469,73713.57865230035,73783.74624261749,435.63123834712957
2024-01-09 13:30:00+00:00,73760.29443068095,73897.60678182574,73739.44748277492,73763.71653156733,569.4142974016938
2024-01-09 13:45:00+00:00,73711.20842294744,73825.99668461036,73726.4916229927,73752.24230880203,621.8641692775773
2024-01-09 14:00:00+00:00,74041.7056884731,74123.5693735773,74097.61493672794,74105.41966659704,618.0998022463235
2024-01-09 14:15:00+00:00,73679.57057346449,73772.61562347984,73711.09691777012,73746.29631533273,812.0192570523149
2024-01-09 14:30:00+00:00,73855.66763252855,73916.3355577505,73810.11829273554,73844.85081373299,665.067747914717
2024-01-09 14:45:00+00:00,73813.79307859467,73931.50947944466,73748.35072765226,73870.48718719189,679.5480958443123
2024-01-09 15:00:00+00:00,74055.68520708405,74020.99910758197,73989.51656031603,73995.9258116521,922.4010681086396
2024-01-09 15:15:00+00:00,74016.5972278017,74263.57950767428,74146.1270986496,74146.2391919139,513.7658381828917
2024-01-09 15:30:00+00:00,74422.1920011809,74347.76993637095,74263.29642527747,74347.03636357005,978.9773163995214
2024-01-09 15:45:00+00:00,74228.22121630915,74301.21620403572,74172.96617083458,74230.44338964036,407.39311707022
2024-01-09 16:00:00+00:00,74462.16449087586,74461.38479355068,74376.33106560115,74420.06328242047,720.4526742911737
2024-01-09 16:15:00+00:00,74536.50797394676,74545.3451085911,74446.20296199038,74506.39537617326,133.2039983760923
2024-01-09 16:30:00+00:00,74482.49091206027,74510.88310161838,74427.59572147565,74433.41972297855,368.03386618226256
2024-01-09 16:45:00+00:00,74554.45956512123,74576.82869353189,74549.31711972946,74576.79267364196,824.9607898154652
2024-01-09 17:00:00+00:00,74389.87287722921,74446.96990371581,74214.86351097726,74372.33671814534,223.38429089439603
2024-01-09 17:15:00+00:00,74535.02275490345,74577.33967897769,74455.08067169401,74484.32308027918,232.24262308070197
2024-01-09 17:30:00+00:00,74415.48431213315,74482.08106211614,74355.7054228746,74476.62329414007,360.4776915043295
2024-01-09 17:45:00+00:00,74637.39149434445,74794.54364374981,74604.66211808754,74691.9086717994,316.63204450802243
2024-01-09 18:00:00+00:00,74514.52876464205,74653.07382092776,74561.9272777238,74608.37754985293,711.7376577633814
2024-01-09 18:15:00+00:00,74507.71507186099,74612.43521889685,74542.55688838479,74562.27400558998,340.95958936474324
2024-01-09 18:30:00+00:00,74555.46291359281,74568.46355286801,74460.24975022371,74526.7042859051,989.6879367356933
2024-01-09 18:45:00+00:00,74546.26966806388,74482.86017482278,74356.7219431943,74482.50537132245,898.067330861742
2024-01-09 19:00:00+00:00,74260.48925179643,74293.94334472714,74274.39403294765,74280.44942519291,290.7279030229618
2024-01-09 19:15:00+00:00,74302.55397093769,74399.26131974094,74222.61261741676,74293.68640123436,635.4641843719412
2024-01-09 19:30:00+00:00,74242.41016976065,74249.93361306503,74077.27525117053,74194.70806494122,193.0502589262851
2024-01-09 19:45:00+00:00,74353.70539360188,74385.61525203437,74226.17985275832,74334.64829710305,829.4388178057362
2024-01-09 20:00:00+00:00,74392.82778047906,74519.04738950594,74387.19540574937,74467.36167974169,230.7032114609408
2024-01-09 20:15:00+00:00,74239.26751732301,74321.50102190004,74252.3244048418,74286.23526537119,583.2387563226305
2024-01-09 20:30:00+00:00,74250.68169392888,74396.53952961914,74194.66543977009,74303.04859396807,766.8169953595919
2024-01-09 20:45:00+00:00,74356.22632833179,74370.57155077666,74326.20153107023,74340.6896511187,857.2284721720373
2024-01-09 21:00:00+00:00,74307.10818557088,74265.58280898511,74237.74632488786,74238.70550867562,976.7673288710234
2024-01-09 21:15:00+00:00,74477.08019761386,74585.54860951891,74409.9009808233,74457.00630241145,931.5495568428577
2024-01-09 21:30:00+00:00,74346.60211868607,74539.7005906413,74466.60491115709,74472.49628053867,437.0007935945149
2024-01-09 21:45:00+00:00,74489.98529352863,74585.74597248777,74482.88714848018,74554.93738472328,584.0263666216904
2024-01-09 22:00:00+00:00,74571.9968570252,74616.98191773376,74333.22430352063,74509.26729040824,505.6297429614946
2024-01-09 22:15:00+00:00,74648.98957683165,74665.34337319419,74621.14146362102,74626.20729861691,952.4706398761126
2024-01-09 22:30:00+00:00,75132.495731416,75173.8517779651,75056.19013840686,75072.90351650304,180.75779123216486
2024-01-09 22:45:00+00:00,75056.35600321171,75185.66045771906,74983.81635591279,74999.63979122377,946.1907964827207
2024-01-09 23:00:00+00:00,75075.6595882928,75081.69883005768,74968.4743037552,75069.45574226101,395.6795472360393
2024-01-09 23:15:00+00:00,75127.20657726939,75171.68530388501,75090.35896962225,75133.00782793715,671.2410181809086
2024-01-09 23:30:00+00:00,75131.75976282464,75275.52568708971,75134.46934922115,75235.62000491541,778.3614686834356
2024-01-09 23:45:00+00:00,75249.44378160879,75336.5812868962,75183.96948226975,75249.39578151127,244.86649757617198
2024-01-10 00:00:00+00:00,75031.95502964885,75209.64867049316,74917.35189806939,75005.43452522765,305.3378617725956
2024-01-10 00:15:00+00:00,74864.21580956837,74888.27737961979,74716.26406937365,74866.72230024125,180.0322927008266
2024-01-10 00:30:00+00:00,74912.85409992754,75169.03632322974,74954.41206880052,74961.85258398391,635.9814772210143
2024-01-10 00:45:00+00:00,74793.27065600037,74737.6112237821,74631.3167689821,74729.8268951556,567.7820745959597
2024-01-10 01:00:00+00:00,74888.21144753163,74911.66725922537,74823.08691555104,74844.84191157001,204.07555545678042
2024-01-10 01:15:00+00:00,74873.13430774963,74957.57426413984,74774.88537321081,74901.79389429568,260.00038948994234
2024-01-10 01:30:00+00:00,75019.14770859659,75021.20013572648,74905.52204356133,74977.14065312484,645.8179039722953
2024-01-10 01:45:00+00:00,75017.96385137216,75092.31756821509,75033.83916889952,75081.4601022682,121.20381168384554
2024-01-10 02:00:00+00:00,74984.67829096933,75120.69472841511,75066.03718398919,75089.73529767388,510.26646489543384
2024-01-10 02:15:00+00:00,75265.49393467116,75375.74566867742,75201.31426821054,75201.75450427951,688.2850403682212
2024-01-10 02:30:00+00:00,75069.0027822332,75072.3326090825,74994.10409253328,75047.37971088971,889.5811451876805
2024-01-10 02:45:00+00:00,75079.89621866701,75108.81798805557,74988.98105226131,75096.10343463912,556.5399230560419
2024-01-10 03:00:00+00:00,75169.06156478115,75186.64034604348,75053.96770878152,75127.00597278285,880.0765122287705
2024-01-10 03:15:00+00:00,75057.10201914336,75041.39642633515,74970.57252327731,74991.69699927703,326.26038122362974
2024-01-10 03:30:00+00:00,74956.90017955986,75005.83122689863,74952.23182424885,74978.77229763214,557.4791895637431
2024-01-10 03:45:00+00:00,75236.78173513027,75295.59633608014,75271.88459174991,75294.03690323935,396.3749656573966
2024-01-10 04:00:00+00:00,75341.20508093212,75455.25731985968,75390.75929916209,75395.38407543197,778.3449536965217
2024-01-10 04:15:00+00:00,75291.04627646874,75270.51346765106,75160.55763500558,75204.3158987154,441.7791349905652
2024-01-10 04:30:00+00:00,75075.62796226183,75093.5702135686,74981.28737452123,75045.39382807857,718.4215657396627
2024-01-10 04:45:00+00:00,75193.48218901946,75327.49161330781,75183.71135927015,75220.57775983389,857.9855597335514
2024-01-10 05:00:00+00:00,75048.48399494583,75031.83719641129,74986.85754362842,74987.00563669154,250.04591094019304
2024-01-10 05:15:00+00:00,75137.40084693534,75322.36948182408,75175.17167625671,75223.90838758451,626.6520222718294
2024-01-10 05:30:00+00:00,75164.08702499303,75124.59865030929,75097.49717143443,75098.71057847649,231.39830694417978
2024-01-10 05:45:00+00:00,75114.55229738544,75190.46377640638,75055.46096538076,75133.32718180548,832.3527616649103
2024-01-10 06:00:00+00:00,75036.99375553784,75154.26299314376,75011.9303616477,75143.69198352605,518.6975901418067
2024-01-10 06:15:00+00:00,75148.39678017094,75190.66453243214,75068.82437431211,75145.54298484522,285.73216341567843
2024-01-10 06:30:00+00:00,75312.78599271347,75299.226296931,75222.3375776319,75253.49329899566,246.14888814215112
2024-01-10 06:45:00+00:00,75763.54825758009,75746.71752989122,75632.00599513766,75704.21420585808,150.70283339339952
2024-01-10 07:00:00+00:00,76064.16561899403,76030.08897586494,75696.12475505854,75986.33115757562,410.6921886464917
2024-01-10 07:15:00+00:00,76087.48863414678,76343.05989729264,76064.63460898744,76167.5967488376,838.3161651415611
2024-01-10 07:30:00+00:00,75834.21050204191,75948.88006363496,75829.55590603894,75846.32179856031,948.1135485754185
2024-01-10 07:45:00+00:00,75934.06051809539,75888.35717824976,75824.4670596384,75857.85423441694,897.2630370095134
2024-01-10 08:00:00+00:00,76072.51238026275,76129.39013625686,75998.90332143642,76061.00814568176,774.6652838554363
2024-01-10 08:15:00+00:00,76072.00628376944,76038.04938070614,75991.23781588527,76006.84278595551,517.9633344841446
2024-01-10 08:30:00+00:00,76357.157545085,76417.42301583874,76171.63614407962,76345.78804129004,947.2312798546174
2024-01-10 08:45:00+00:00,76353.44472916352,76508.61502297927,76347.33326522872,76397.8342500916,950.6741575494997
2024-01-10 09:00:00+00:00,76428.77146883671,76468.81296717729,76231.35107884834,76404.1535424439,503.28304003547845
2024-01-10 09:15:00+00:00,76296.49353184845,76469.30399261026,76284.69739242752,76285.97142154502,296.92570406394304
2024-01-10 09:30:00+00:00,76263.13394766951,76353.02160647126,76223.36135270963,76282.49504219898,416.1185058474611
2024-01-10 09:45:00+00:00,76470.5246841786,76523.59279098616,76377.13994966613,76437.01606580685,401.4396462904065
2024-01-10 10:00:00+00:00,76451.79811206357,76481.20960822327,76240.49162269564,76435.87500500685,336.49895519977906
2024-01-10 10:15:00+00:00,76352.98352631845,76455.57778948052,76253.98339432981,76340.0126038824,872.8974792802682
2024-01-10 10:30:00+00:00,76652.99927013376,76633.15555597868,76493.53680194268,76599.36127165025,510.7369285368372
2024-01-10 10:45:00+00:00,76809.81477481613,76898.95827113613,76662.1002047411,76766.18412195402,136.496572911756
2024-01-10 11:00:00+00:00,76763.83861654274,76716.64729770682,76609.54484746985,76706.61963900806,329.2247290922353
2024-01-10 11:15:00+00:00,76873.83141768932,76824.06590018306,76815.05324302071,76818.64620814672,750.3849828564875
2024-01-10 11:30:00+00:00,76797.99681825233,76830.29503782609,76746.41049772692,76764.37001878752,486.51356041200864
2024-01-10 11:45:00+00:00,76904.78353555866,76880.00830303275,76690.88195722297,76873.31441979128,506.0882107782095
2024-01-10 12:00:00+00:00,76793.56215236042,76836.1775144885,76741.87676480139,76757.74563787362,260.1448721465714
2024-01-10 12:15:00+00:00,76744.72597273026,76902.1283952946,76654.11833592954,76764.7232909901,589.9966195415282
2024-01-10 12:30:00+00:00,76930.57888132066,76981.75196536165,76859.61053224604,76947.7632075515,494.69133838205613
2024-01-10 12:45:00+00:00,76664.1455533573,76685.85303133773,76530.47277864405,76679.47783611856,442.4040679407532
2024-01-10 13:00:00+00:00,76682.69425350314,76694.45347394128,76571.982559628,76631.57827851958,233.65608337808763
2024-01-10 13:15:00+00:00,76603.24726850295,76624.37676944547,76434.08115144372,76583.24420841066,208.58144619469817
2024-01-10 13:30:00+00:00,76458.33362825777,76421.78032233047,76311.7724329937,76399.39640052813,132.44721751974447
2024-01-10 13:45:00+00:00,76210.93835968275,76245.29811907694,76202.19456964063,76241.24564442389,451.64268394750724
2024-01-10 14:00:00+00:00,76019.32665169776,76055.35233977794,75953.55923137644,75982.82459074509,760.7422882380337
2024-01-10 14:15:00+00:00,75928.67328065037,75995.91598484971,75859.55090858568,75897.53512912986,486.6308804362179
2024-01-10 14:30:00+00:00,76334.94661923005,76322.81939162916,76213.93624660395,76300.75092840818,644.6039258174472
2024-01-10 14:45:00+00:00,76078.84076490966,76096.43918401896,76056.6850360833,76066.45976725993,562.2126545424363
2024-01-10 15:00:00+00:00,75966.3237044574,76155.48052684923,76018.48042903723,76082.6359032983,368.8302685507354
2024-01-10 15:15:00+00:00,76186.31002533827,76243.93830424099,76073.47036070257,76180.34497103405,100.3197430340261
2024-01-10 15:30:00+00:00,76225.32422869265,76230.47262699557,76174.11366153337,76175.45434402872,422.20692380438953
2024-01-10 15:45:00+00:00,76126.47499381493,76172.57361495435,75991.85259361334,76133.00045021517,274.3303961934057
2024-01-10 16:00:00+00:00,76417.16055560159,76494.85277462998,76396.6973105308,76444.35284465288,732.2192022731623
2024-01-10 16:15:00+00:00,76237.60964294836,76327.38292771617,76258.58024795528,76300.48643775894,752.3665146665695
2024-01-10 16:30:00+00:00,76238.17811584123,76311.26411342494,76226.90532261875,76272.16990217176,473.9077576534458
2024-01-10 16:45:00+00:00,76068.90584020941,76331.9955867454,76182.1413460479,76196.10003889464,690.6883043198002
2024-01-10 17:00:00+00:00,76211.22437292834,76155.53356842902,76149.55156199909,76153.08571333734,102.65088478309497
2024-01-10 17:15:00+00:00,75982.88563976817,76094.00970143072,75967.70963409654,76018.26485194148,119.53265701798648
2024-01-10 17:30:00+00:00,75824.70247953158,75845.6999907968,75786.7618505625,75826.2611086079,409.3415679830923
2024-01-10 17:45:00+00:00,75723.69453890072,75843.48437946137,75661.34648445596,75716.61479185786,832.1585546828919
2024-01-10 18:00:00+00:00,75568.64026504202,75556.07890694862,75417.85160863207,75477.51858206118,498.3842496521887
2024-01-10 18:15:00+00:00,75300.70435949857,75422.79177152854,75286.46561742935,75354.40658461634,610.0140142335201
2024-01-10 18:30:00+00:00,75451.48656519226,75545.14865589447,75428.82229984757,75451.46944537669,521.7653237718331
2024-01-10 18:45:00+00:00,75707.90889137423,75717.5013299115,75638.69511333751,75697.06482970944,641.2291370592719
2024-01-10 19:00:00+00:00,75855.18446134297,75949.18715298455,75863.18434495281,75893.74126094325,730.1015691650091
2024-01-10 19:15:00+00:00,75677.74935934503,75748.45731793027,75646.59417920522,75723.55011967287,533.7651288130373
2024-01-10 19:30:00+00:00,75346.47572418145,75461.95674376232,75344.36322125033,75432.76147881045,219.50720245735022
2024-01-10 19:45:00+00:00,75502.5576520603,75550.32208507224,75365.06539976296,75455.9548469173,704.0779481161377
2024-01-10 20:00:00+00:00,75452.92802142777,75409.70913712046,75385.1567850051,75390.142152763,640.8853810742683
2024-01-10 20:15:00+00:00,75454.62125960943,75484.42229383232,75396.95457292136,75421.38163370169,905.6713711242614
2024-01-10 20:30:00+00:00,75585.56812775863,75722.29775433376,75495.6983789514,75529.33434971997,324.805045301458
2024-01-10 20:45:00+00:00,75647.0460789111,75747.56959903141,75584.98651883777,75681.3108923001,376.3113430539938
2024-01-10 21:00:00+00:00,75873.80921412611,76042.71160352162,75861.64975931305,75947.05231240159,381.4403078878218
2024-01-10 21:15:00+00:00,75899.6838787721,75877.45509977976,75720.50854386843,75834.30615186074,897.459799932546
2024-01-10 21:30:00+00:00,75760.10486406511,75867.38279995871,75756.47536305613,75839.85661910378,492.5882922487441
2024-01-10 21:45:00+00:00,75922.71264997924,75947.85423039227,75774.2034903558,75929.25675165035,604.8535328484464
2024-01-10 22:00:00+00:00,76003.12813292026,76119.26421396718,76025.57468326144,76051.5306530815,395.32142500403864
2024-01-10 22:15:00+00:00,75919.42314773107,75921.13539118678,75809.36016163761,75903.87023183165,457.3557571226597
2024-01-10 22:30:00+00:00,76003.3304806578,76085.15270208094,75935.98724968075,75981.90285446016,561.0289723499843
2024-01-10 22:45:00+00:00,75941.38895975165,76029.80237529628,75826.71845436304,75944.67700334193,789.7996913606618
2024-01-10 23:00:00+00:00,76135.27573590563,76210.36443366448,76011.62358232937,76148.51062278212,192.241272570302
2024-01-10 23:15:00+00:00,76251.29398078423,76283.52165564541,76171.78166632779,76179.49855964853,913.7935117182702
2024-01-10 23:30:00+00:00,75865.99722494457,75884.29268327943,75860.48582567126,75869.03844035968,833.813649185714
2024-01-10 23:45:00+00:00,75814.80749621363,75795.24006040834,75675.38198847524,75780.52815937807,329.3000438334296
2024-01-11 00:00:00+00:00,75632.46616785262,75674.47749510626,75496.74780734861,75616.89818331797,684.0053656944002
2024-01-11 00:15:00+00:00,75865.35485203072,75850.46839787147,75750.03463250549,75810.87738507582,993.7551164144188
2024-01-11 00:30:00+00:00,75667.5890114587,75697.58054664933,75638.08309225422,75664.54380347686,953.3472183808832
2024-01-11 00:45:00+00:00,75605.82300648933,75602.34452540896,75489.15171730606,75567.29479974331,156.8461232317583
2024-01-11 01:00:00+00:00,75446.70015289944,75481.08043810373,75373.86384660976,75448.60761339571,753.9188828650738
2024-01-11 01:15:00+00:00,75284.20515525836,75422.03364787306,75288.94610407593,75388.90336404153,570.3725102107551
2024-01-11 01:30:00+00:00,75457.77421565368,75547.30757868242,75390.2493326241,75483.5588768344,960.7989245474713
2024-01-11 01:45:00+00:00,75422.00255597458,75479.26069760475,75438.9585306813,75453.10719432811,646.0421792468593
2024-01-11 02:00:00+00:00,75524.64370873653,75661.99593101772,75518.0541927847,75521.89810359968,385.7619634967443
2024-01-11 02:15:00+00:00,75759.9098799649,75839.22896140191,75708.17691608517,75737.91695605333,726.6806296919946
2024-01-11 02:30:00+00:00,75824.35618963138,75843.46713014726,75785.81571512067,75789.14435276172,554.0728294059242
2024-01-11 02:45:00+00:00,75805.76058543184,75852.65501762427,75760.63431360028,75830.36345301123,130.30897573533815
2024-01-11 03:00:00+00:00,75982.33547040282,76135.40816126057,75982.33268026762,76015.12412954197,797.3880992493652
2024-01-11 03:15:00+00:00,75961.47443485784,76125.3943963358,76022.52224579673,76028.247166944,187.16336277113163
2024-01-11 03:30:00+00:00,76282.52640631126,76263.14002258798,76187.67042415765,76238.81864362945,839.2310232249462
2024-01-11 03:45:00+00:00,76100.60077105039,76098.26967409487,76039.42404605809,76081.9327355088,472.89286705334627
2024-01-11 04:00:00+00:00,76268.14511326147,76332.12499605546,76115.5151677714,76212.71138008527,250.927008902248
2024-01-11 04:15:00+00:00,76018.77475295954,76185.95853874927,75942.50280715317,76060.65060638661,654.8233031854413
2024-01-11 04:30:00+00:00,75989.35551459024,76060.95080137822,75960.3604866581,76029.79084051873,761.7794878039695
2024-01-11 04:45:00+00:00,76279.41511283585,76273.53259433243,76204.71278550467,76273.41645169216,521.8774921448046
2024-01-11 05:00:00+00:00,76354.94149313636,76341.76533338166,76284.43164301358,76310.97396067959,860.4777603144607
2024-01-11 05:15:00+00:00,76589.96851884734,76657.2406461574,76591.9253385186,76617.35267085234,909.0877175933983
2024-01-11 05:30:00+00:00,76618.09026104421,76671.89895770051,76519.27791407543,76585.76120958058,772.0232349352364
2024-01-11 05:45:00+00:00,76574.3866308392,76562.9302819231,76486.09100121952,76531.08849204904,350.15513072860233
2024-01-11 06:00:00+00:00,76149.6774014167,76219.5853619233,76063.32433577601,76181.58871994945,654.0640227382797
2024-01-11 06:15:00+00:00,76061.44259792786,76071.09318001008,76034.54607489643,76065.6069535786,315.40387663577815
2024-01-11 06:30:00+00:00,76001.67480753477,76145.57604803021,75984.63488337709,75999.55079064501,925.6941830362822
2024-01-11 06:45:00+00:00,75799.00021828452,75926.78295232868,75805.89445138269,75823.04127400482,707.8878554089534
2024-01-11 07:00:00+00:00,75687.66926411785,75791.87949489668,75664.75416665715,75683.17095417519,851.7979246023913
2024-01-11 07:15:00+00:00,75722.15765847452,75865.6445502673,75661.04301139512,75779.87494780264,507.09635810385225
2024-01-11 07:30:00+00:00,76082.67910754666,76105.7067856547,76052.22650130009,76055.68435915017,528.664368393614
2024-01-11 07:45:00+00:00,76083.38825816345,76115.09403424928,76057.03293917546,76098.15413156181,799.5079287161036
2024-01-11 08:00:00+00:00,76044.91260180826,76069.23354831578,75942.21029397196,76043.99634357239,114.33621512781755
2024-01-11 08:15:00+00:00,76103.25672028246,76208.59828692459,76037.03276134354,76108.91872548612,732.3539108084929
2024-01-11 08:30:00+00:00,76235.48599184568,76231.55743023373,76191.50331621311,76228.04085413492,364.40723903301614
2024-01-11 08:45:00+00:00,76174.52157752974,76197.33842418667,76126.31430953024,76130.83762343077,620.533337099627
2024-01-11 09:00:00+00:00,76283.96483998852,76352.58137509233,76262.77692968596,76348.32534329612,561.0599606244559
2024-01-11 09:15:00+00:00,76401.46266819826,76619.53723390489,76500.45129980776,76505.30650667055,981.1663390654533
2024-01-11 09:30:00+00:00,76506.00374323584,76553.884051238,76451.31997214003,76553.22794577031,748.0445922582494
2024-01-11 09:45:00+00:00,76734.38761794717,76818.25248209063,76724.64391729952,76772.22761889081,566.4658118584564
2024-01-11 10:00:00+00:00,76798.36102615422,76759.42126023208,76644.19415533646,76755.20643858438,116.06686768991435
2024-01-11 10:15:00+00:00,76699.22868288097,76851.51982380048,76578.9195482703,76666.69502667857,278.5837695218994
2024-01-11 10:30:00+00:00,76622.91397441794,76726.53738900943,76556.51370753041,76702.7549100275,282.9116173189849
2024-01-11 10:45:00+00:00,76630.6374571065,76730.80279971192,76655.04972566538,76692.89877386842,346.6839885673047
2024-01-11 11:00:00+00:00,76864.20797641708,76984.99906850394,76673.70035349911,76877.13981322506,717.8069141439832
2024-01-11 11:15:00+00:00,76746.33271612116,76832.96963937249,76798.01889595696,76802.4919887328,889.8846698640164
2024-01-11 11:30:00+00:00,76901.06017451952,77048.17576488428,76912.2682921009,76976.67045998335,361.0973514308465
2024-01-11 11:45:00+00:00,76807.4135806626,76939.92941089276,76840.34443618033,76871.00412100446,779.9774269018709
2024-01-11 12:00:00+00:00,77142.82110007484,77160.44330148792,77122.08811733294,77135.5473766557,804.5777300796885
2024-01-11 12:15:00+00:00,77319.31014775143,77580.28368272081,77371.01147645588,77424.08851404733,474.29927515878364
2024-01-11 12:30:00+00:00,77417.8185895965,77535.17169012778,77367.89629989248,77443.71247549941,114.42507776430688
2024-01-11 12:45:00+00:00,77338.1727859687,77400.00412398195,77269.81830679755,77351.7832799848,328.7953777587185
2024-01-11 13:00:00+00:00,77622.88427341821,77755.94778547328,77654.98372956768,77673.5111789404,968.2690232738369
2024-01-11 13:15:00+00:00,77492.08092197917,77564.6561543112,77437.24568597275,77499.65725231887,961.7168773183826
2024-01-11 13:30:00+00:00,77293.57738757502,77546.8105035177,77279.06593183927,77339.94051395723,896.2548847232536
2024-01-11 13:45:00+00:00,77657.13750707064,77818.47182977975,77593.6834967798,77747.36492698402,791.9486723798389
2024-01-11 14:00:00+00:00,77683.4830505572,77696.19093087826,77601.85106730122,77648.40660671829,671.2210239696083
2024-01-11 14:15:00+00:00,77667.28256781242,77711.85922092063,77615.28960420503,77702.76610519824,958.2116507912858
2024-01-11 14:30:00+00:00,77625.1448973147,77733.98829000971,77542.87917663921,77655.03994446462,350.6265154967017
2024-01-11 14:45:00+00:00,77673.72902006995,77618.54055102254,77574.22727475272,77588.54394392084,409.63108798053076
2024-01-11 15:00:00+00:00,77700.59682740731,77737.1044001762,77604.20295518631,77712.7920170313,299.0661796900612
2024-01-11 15:15:00+00:00,77693.60643899348,77860.13824070507,77716.11961216855,77739.92781410384,584.369391218373
2024-01-11 15:30:00+00:00,77806.50825300564,77761.92100157258,77679.19341875764,77741.20150751587,895.4538914380022
2024-01-11 15:45:00+00:00,77707.77706403326,77768.50983996263,77599.63053535255,77630.80037842582,662.5055675578914
2024-01-11 16:00:00+00:00,77914.84233006844,77982.06700461022,77859.10690767717,77957.51323845502,291.80483880484053
2024-01-11 16:15:00+00:00,77828.42952034237,77888.50994967787,77708.18397179064,77849.93246613906,252.2640868891367
2024-01-11 16:30:00+00:00,77983.85178248426,78121.18750336008,77982.51927569618,78063.85148922936,552.2325321079553
2024-01-11 16:45:00+00:00,78140.15679084003,78107.11088738138,77974.58841016884,78098.73925918182,800.3956304160172
2024-01-11 17:00:00+00:00,78096.5034606299,78163.58275515941,78050.30831471819,78091.75445694278,473.1553470083863
2024-01-11 17:15:00+00:00,78053.14825013622,78239.93679867931,78055.38821588298,78117.27900139873,720.2790757732338
2024-01-11 17:30:00+00:00,78166.20951594233,78145.5789348949,78051.66703668838,78137.75590360278,629.2856839314715
2024-01-11 17:45:00+00:00,77862.1675319108,77936.89282700837,77798.85768976492,77882.0242244645,754.6862417143396
2024-01-11 18:00:00+00:00,77948.78058391162,77944.86986507084,77837.48403968094,77911.07871187488,394.4080379301445
2024-01-11 18:15:00+00:00,77846.10155509606,77899.22735792294,77686.59035742401,77850.16890695383,255.73873705621426
2024-01-11 18:30:00+00:00,77439.78580513911,77466.23234479096,77441.53148590724,77450.37107652867,780.7011106774875
2024-01-11 18:45:00+00:00,77459.4381199462,77697.0263093448,77470.97314673077,77565.75876279165,999.2256707197605
2024-01-11 19:00:00+00:00,77554.23663682288,77588.60977607082,77368.35945506283,77558.76985038795,921.3070669977201
2024-01-11 19:15:00+00:00,77723.74797493491,77717.2219650749,77613.2794351206,77700.31813240732,285.93649054055965
2024-01-11 19:30:00+00:00,77683.12291813592,77821.41722503613,77622.2292531653,77677.81746439156,203.40296198746745
2024-01-11 19:45:00+00:00,77575.34901560801,77681.83357440583,77583.22758525668,77585.22624406095,335.3632296647064
2024-01-11 20:00:00+00:00,77639.97279558147,77739.15861435767,77530.21644472958,77670.47696113275,308.658328435286
2024-01-11 20:15:00+00:00,77630.12353904403,77616.2914887931,77501.10214044589,77558.23298485538,944.3228676263714
2024-01-11 20:30:00+00:00,77519.76608058189,77629.5374332184,77486.45901800707,77511.32512773306,998.4917388322717
2024-01-11 20:45:00+00:00,77786.72977863369,77823.6696217253,77708.33076738988,77741.9978249235,634.599377045748
2024-01-11 21:00:00+00:00,77723.91117382562,77859.44025708601,77732.01807543305,77848.50273335111,575.4777080758364
2024-01-11 21:15:00+00:00,77814.24547741354,77841.49978134701,77793.91368500229,77825.4396676495,231.13578573370128
2024-01-11 21:30:00+00:00,77882.83163904745,78024.9731983931,77857.78048244059,77892.1612044976,673.9159047796253
2024-01-11 21:45:00+00:00,78071.33927436035,78169.28457378864,78043.17774277792,78086.05347824808,653.781241836513
2024-01-11 22:00:00+00:00,78206.8146110107,78278.56833641094,78165.8573252057,78213.56851151226,486.13263809766704
2024-01-11 22:15:00+00:00,78425.6208229082,78453.94620940626,78375.82696404254,78440.84278580088,145.67763077118826
2024-01-11 22:30:00+00:00,78394.71446245152,78446.9789183078,78332.26104074757,78429.31971647839,925.5380924274524
2024-01-11 22:45:00+00:00,78511.56886369974,78549.3662462636,78409.28155649726,78450.01581340382,563.4636840274204
2024-01-11 23:00:00+00:00,78311.77117723235,78345.08671940464,78230.12000932927,78330.80432949396,222.39575459216363
2024-01-11 23:15:00+00:00,78599.57662541464,78606.33565891953,78445.82779441311,78568.95899301047,669.3408737737694
2024-01-11 23:30:00+00:00,78514.8010122262,78551.16704755095,78548.45517254,78550.67630227175,793.877203044195
2024-01-11 23:45:00+00:00,78430.49729830874,78440.58856264816,78343.1609182739,78406.98327555435,641.5966592377358
2024-01-12 00:00:00+00:00,78307.72222234601,78316.15136992457,78266.099664823,78308.88302499814,865.3960408066092
2024-01-12 00:15:00+00:00,78496.31349421527,78529.1225423678,78512.15319554329,78517.10162395008,156.62574834506657
2024-01-12 00:30:00+00:00,78411.12034792271,78440.82860706716,78351.76372858834,78356.07364655216,191.3448171871857
2024-01-12 00:45:00+00:00,78323.66179959373,78326.77857493071,78277.43990218012,78277.49020291226,476.9582642214584
2024-01-12 01:00:00+00:00,78353.66062820777,78365.31442167448,78329.34818421614,78334.94579360292,961.3341013105961
2024-01-12 01:15:00+00:00,78134.03897738444,78310.7336506778,78080.60522904377,78189.67991909728,344.9375211078625
2024-01-12 01:30:00+00:00,78450.87066281307,78532.30648416157,78436.86105817428,78459.18908199623,806.6258572493383
2024-01-12 01:45:00+00:00,78554.9811558424,78516.0782514678,78456.92831392772,78487.28653733336,613.1502084411303
2024-01-12 02:00:00+00:00,78454.07584345885,78533.79984568112,78356.62489059322,78413.61001650804,484.82956056159
2024-01-12 02:15:00+00:00,78465.60300141752,78455.63253235872,78391.53469081066,78406.03673199483,864.1329546983683
2024-01-12 02:30:00+00:00,78355.23470397235,78465.58729740832,78345.20912971612,78398.11999425519,566.2860197037967
2024-01-12 02:45:00+00:00,78278.74890450694,78328.88673351142,78240.4819801665,78274.66795202804,211.8861158564589
2024-01-12 03:00:00+00:00,78359.58605954677,78444.86820343065,78282.3748139902,78335.23697808891,260.43869139340484
2024-01-12 03:15:00+00:00,78425.09089407364,78398.78838743993,78363.93812082859,78395.73088793588,494.1844132128862
2024-01-12 03:30:00+00:00,78368.09889473446,78513.53538887773,78380.63252982813,78459.63850705858,642.0642132292561
2024-01-12 03:45:00+00:00,78337.92085710741,78374.13057566404,78272.7567059465,78372.20176333495,103.25349365355527
2024-01-12 04:00:00+00:00,78429.05399027975,78416.83880534481,78343.14299242174,78368.25428048604,193.75345646908292
2024-01-12 04:15:00+00:00,78242.27776229597,78243.75574789873,78161.31678209467,78242.31353759475,678.5211137765302
2024-01-12 04:30:00+00:00,78337.63020458037,78303.20976670325,78156.76922592428,78270.44044573275,161.0108988702993
2024-01-12 04:45:00+00:00,78380.07048475505,78402.41978889957,78287.00878659656,78362.73399012208,591.0182504671868
2024-01-12 05:00:00+00:00,78061.35637850792,78032.92765069455,77866.87565305886,78023.70796294605,457.88064630524457
2024-01-12 05:15:00+00:00,77817.81547939799,77837.24926677301,77765.77989637273,77815.44588395486,268.160920875923
2024-01-12 05:30:00+00:00,77983.16076051124,77936.99147495041,77894.27408035928,77923.26991908617,559.7883901778275
2024-01-12 05:45:00+00:00,78006.82542153257,77985.82952557149,77911.41538846263,77919.34542194055,665.9509620412858
2024-01-12 06:00:00+00:00,77859.73295461146,77867.41097893623,77764.37165199284,77851.23954339548,937.6600179615681
2024-01-12 06:15:00+00:00,77692.08049024682,77762.82292831749,77698.63366059725,77731.4476417402,873.2498523496204
2024-01-12 06:30:00+00:00,77818.00949396842,77829.228590764,77609.89372354146,77779.63422387179,925.0100399193683
2024-01-12 06:45:00+00:00,77671.01587748012,77770.16155100444,77623.45808171123,77693.8993499601,314.3564715737241
2024-01-12 07:00:00+00:00,77730.76905487997,77922.4624274419,77718.41681565384,77828.33508384628,120.53134602665934
2024-01-12 07:15:00+00:00,77816.83616656231,77869.69853201299,77653.4429948634,77679.12576276074,540.3319902452577
2024-01-12 07:30:00+00:00,77664.06206947724,77782.04053545812,77603.45882658513,77658.92625399242,330.5787435306601
2024-01-12 07:45:00+00:00,77921.1743614873,77983.89200988851,77895.82448468756,77967.79915258565,231.262567306873
2024-01-12 08:00:00+00:00,77898.45243776063,77960.12398579874,77865.94589040098,77897.68902463932,622.170319647753
2024-01-12 08:15:00+00:00,77982.14932727438,78022.44779077741,77912.75416391098,77952.34531456543,906.8731882017261
2024-01-12 08:30:00+00:00,78004.05280604835,78023.1319567821,77939.71988807115,78008.95119458764,684.3953387190859
2024-01-12 08:45:00+00:00,78051.92341049768,78123.39712308219,77977.02725813526,78087.76896002905,624.9164229526705
2024-01-12 09:00:00+00:00,77918.17902057485,78032.39618346495,77718.57683065215,77853.4698374282,692.3510455538417
2024-01-12 09:15:00+00:00,77859.82973800025,77918.57842977281,77750.57782359411,77859.62314938239,925.449525418383
2024-01-12 09:30:00+00:00,77867.97827367314,77806.4754042599,77706.24373662764,77766.63171238384,126.70415277371427
2024-01-12 09:45:00+00:00,77744.83476872231,77924.55747626306,77745.27911027119,77805.58358802668,967.5141396729825
2024-01-12 10:00:00+00:00,77792.95273557137,77931.87506876813,77805.96818201749,77809.0371622496,398.72083392457614
2024-01-12 10:15:00+00:00,77876.33515232398,77866.80675097734,77829.74161501908,77844.09222098503,409.79746821214104
2024-01-12 10:30:00+00:00,77715.72307672624,77929.02025547599,77522.30320728495,77704.33727218695,517.7436035569224
2024-01-12 10:45:00+00:00,77626.73768335998,77802.94006905651,77660.89017706044,77680.10115133373,138.97702140174883
2024-01-12 11:00:00+00:00,77820.8489017171,78056.6638802854,77838.79627434851,77925.82090096587,249.95723949382946
2024-01-12 11:15:00+00:00,78038.05888071637,78159.41721641026,77924.2771914775,78015.63480486356,636.9224562543595
2024-01-12 11:30:00+00:00,78110.16010033344,78021.04996372078,77964.49098592742,78002.24759655508,842.7309347114399
2024-01-12 11:45:00+00:00,78193.49093502368,78219.39168080041,78134.56628355673,78182.49133918753,853.3609112116194
2024-01-12 12:00:00+00:00,78064.9417485199,78078.80943429598,78013.93699421488,78075.31785013602,992.5853403257953
2024-01-12 12:15:00+00:00,78367.35171456324,78394.96889670719,78261.452543753,78297.213451447,104.61307152144052
2024-01-12 12:30:00+00:00,78274.73121869336,78302.39505519267,78192.26260228606,78285.89423636951,258.7552359319668
2024-01-12 12:45:00+00:00,78027.53747877412,78069.44229488274,77964.73456840802,78012.99203236685,283.7604654156082
2024-01-12 13:00:00+00:00,77925.47413296485,77924.58941280829,77852.83362980478,77915.57452437098,206.82750701911272
2024-01-12 13:15:00+00:00,77873.24852093475,78051.23870512395,77915.46996111269,77929.00742803441,885.8623125944694
2024-01-12 13:30:00+00:00,77936.01192628464,78191.45367937486,78005.4311654446,78035.75635475338,873.5273529330647
2024-01-12 13:45:00+00:00,77931.31414863085,78042.49862119179,77816.6918427743,77883.04190008854,326.0173180525335
2024-01-12 14:00:00+00:00,78012.21232676486,78091.35336282,77949.37122888835,78010.04732127809,160.31701912798218
2024-01-12 14:15:00+00:00,78091.75938391351,78064.3686630399,78045.2738333108,78060.54825495042,703.6140858650801
2024-01-12 14:30:00+00:00,77929.55143230448,78011.82734023377,77858.28343022996,77934.80249237176,761.7663394102343
2024-01-12 14:45:00+00:00,78022.39468520482,77988.72979167812,77842.82799808106,77983.84421215714,714.6132513432642
2024-01-12 15:00:00+00:00,77793.42183618706,77867.6777447257,77769.38945630936,77776.47463329032,916.6113044073762
2024-01-12 15:15:00+00:00,77475.06210579489,77605.77028519372,77286.8763875195,77439.59216171411,519.2088530100953
2024-01-12 15:30:00+00:00,77697.4595093816,77777.4436864767,77612.20413127924,77713.90871565921,750.0082525563521
2024-01-12 15:45:00+00:00,77766.78206305581,77862.74854516143,77721.66394550535,77836.43841953893,951.3172913199592
2024-01-12 16:00:00+00:00,78113.04288867285,78081.88826130968,78028.44854207028,78081.10532291615,145.6643333122438
2024-01-12 16:15:00+00:00,78049.70614680847,78086.62451820546,77987.32365018071,78026.93047723222,663.5527249132272
2024-01-12 16:30:00+00:00,78132.68537982313,78202.6740531492,78088.90759115381,78193.96387778695,107.50812038623751
2024-01-12 16:45:00+00:00,78304.20051707592,78427.01038537723,78293.02553581454,78342.15457910659,938.6323638329568
2024-01-12 17:00:00+00:00,78459.48446097961,78514.43206497008,78448.57309189306,78453.607825311,565.1066313662341
2024-01-12 17:15:00+00:00,78328.2124079039,78375.70374662706,78244.68821500157,78364.96004128932,555.2199527854428
2024-01-12 17:30:00+00:00,78308.69631317157,78327.35639310695,78273.94822073578,78296.17505393522,219.0321847921719
2024-01-12 17:45:00+00:00,78333.23872064684,78259.5078139657,78065.2116065513,78222.61877104467,457.3618543074825
2024-01-12 18:00:00+00:00,78000.78054833149,78026.41199461614,77951.12867243786,78005.56430985918,166.2796780308851
2024-01-12 18:15:00+00:00,78045.3025701711,78020.3295311402,77987.98782762027,78013.54543822935,601.4564554330992
2024-01-12 18:30:00+00:00,78126.29178669686,78133.4713148978,78042.66278491844,78115.01815449513,684.2424526043934
2024-01-12 18:45:00+00:00,78267.91998380415,78349.87420939717,78195.86494100127,78334.80463940174,397.55791283633386
2024-01-12 19:00:00+00:00,78510.65840589377,78482.21304620904,78291.05362322157,78432.36255289704,747.0807873611689
2024-01-12 19:15:00+00:00,78630.88216022903,78685.75278367859,78514.01944097818,78580.55287587258,461.9016310188096
2024-01-12 19:30:00+00:00,78634.11551566972,78741.31893052753,78602.86751751332,78605.0245462103,304.0013945035763
2024-01-12 19:45:00+00:00,78892.66176262629,78889.28955894671,78860.85675400837,78867.02513677967,282.8254415317689
2024-01-12 20:00:00+00:00,78829.92489790963,78787.5188647288,78728.29977763431,78782.20343814827,648.8312486747212
2024-01-12 20:15:00+00:00,78655.56370995168,78697.02330357152,78668.87305946749,78686.97566117608,627.3919795209216
2024-01-12 20:30:00+00:00,78591.19108088223,78548.63320733419,78516.25823097573,78538.14210436092,311.5108998102178
2024-01-12 20:45:00+00:00,78787.96949161141,78956.76949537179,78735.776973507,78876.54834287768,334.66906256517916
2024-01-12 21:00:00+00:00,78994.91822992328,79009.41004611204,78908.6182445892,78953.87624794843,688.5873902168739
2024-01-12 21:15:00+00:00,79040.26871868131,79092.974867124,78793.51261426357,78933.67305106124,183.1950434914527
2024-01-12 21:30:00+00:00,79138.33567462591,79317.17753955249,78929.91591377424,79149.50377965283,571.3667545217028
2024-01-12 21:45:00+00:00,79471.62425034915,79506.77340363723,79416.41438639125,79432.57741201928,836.5782062074909
2024-01-12 22:00:00+00:00,79518.10870864299,79475.82321830778,79375.94403570231,79380.04947932612,352.01415726673554
2024-01-12 22:15:00+00:00,79737.29802687738,79880.5726208724,79707.26423058544,79793.00802741994,579.14546616444
2024-01-12 22:30:00+00:00,80002.62898351514,79942.27667233614,79838.47202045291,79905.79979578497,860.1234058664419
2024-01-12 22:45:00+00:00,80075.55977440844,80360.53867988756,80147.17318566117,80225.66127287188,655.1819880700399
2024-01-12 23:00:00+00:00,80112.60322105934,80246.83874954343,80137.71259583246,80183.1154152838,792.6512614312092
2024-01-12 23:15:00+00:00,80214.7113299751,80149.4183221543,80108.98553322203,80143.01464319295,470.4047285052988
2024-01-12 23:30:00+00:00,80368.15452386708,80410.6638484031,80276.05750196899,80302.96215053751,955.6169496927367
2024-01-12 23:45:00+00:00,80152.80275095784,80122.13855446581,79974.14395433791,80111.08422042357,199.939957166618
2024-01-13 00:00:00+00:00,80003.6089800693,80066.83784462528,79955.16049448303,80004.4309359716,644.273512865464
2024-01-13 00:15:00+00:00,79703.33098260542,79702.11255208284,79620.8188390977,79663.34073242258,334.96385827062363
2024-01-13 00:30:00+00:00,79658.2238222873,79739.62855534648,79561.96291901155,79686.65802833231,478.01037238338694
2024-01-13 00:45:00+00:00,79706.93163671503,79789.72928605771,79598.07223208428,79693.77419452659,669.6228314900275
2024-01-13 01:00:00+00:00,79789.82644474311,79791.24809215915,79648.71710055215,79777.48270053498,346.1739087996465
2024-01-13 01:15:00+00:00,79979.61776390501,79957.28821578638,79882.80210431805,79892.89586533127,670.9612232361575
2024-01-13 01:30:00+00:00,79956.92816525375,79978.36495172845,79843.38277534394,79876.18565255016,206.8179028592785
2024-01-13 01:45:00+00:00,79678.32338076356,79784.92232103564,79718.96226429749,79747.9243993888,315.55064074967174
2024-01-13 02:00:00+00:00,79565.13092426541,79693.77571853095,79601.21961748754,79651.04363003,110.33849784038489
2024-01-13 02:15:00+00:00,79665.194039851,79702.58492641177,79598.71072915438,79621.06182004654,313.04510492406854
2024-01-13 02:30:00+00:00,79774.95684253275,79710.94691949178,79624.86936785473,79696.78162960675,141.67280394426467
2024-01-13 02:45:00+00:00,79740.77803075171,79778.02231376387,79703.83137603264,79719.43392740146,529.1177338727259
2024-01-13 03:00:00+00:00,79621.12243256166,79738.38455371375,79718.8382977879,79721.03521349988,801.2522881394292
2024-01-13 03:15:00+00:00,79894.23836708406,80054.44208069771,79814.21883464271,79946.8738712424,713.294880974862
2024-01-13 03:30:00+00:00,79829.92480798026,79948.58392413716,79810.03185952027,79930.00335848394,777.4932891635705
2024-01-13 03:45:00+00:00,79712.86078772238,79893.81568450171,79739.33933810008,79792.46341834952,657.0531759603043
2024-01-13 04:00:00+00:00,79611.55606721989,79772.60504458644,79615.13493014447,79668.54952643947,163.23110259249188
2024-01-13 04:15:00+00:00,79613.2602059763,79734.75847103585,79609.48879292014,79628.82386242424,970.8644494195505
2024-01-13 04:30:00+00:00,79768.9110077932,79771.60606476862,79627.37768884632,79749.8820812917,833.5805150713428
2024-01-13 04:45:00+00:00,79832.6601416376,79906.13784835489,79810.86205693631,79874.2324824714,617.7559193964242
2024-01-13 05:00:00+00:00,79895.49127685725,79882.46945392032,79783.70546286103,79824.82574933913,608.486663936967
2024-01-13 05:15:00+00:00,79775.78154520613,79852.28808290703,79757.42512961583,79784.39390529855,326.49369322571306
2024-01-13 05:30:00+00:00,79948.50397320217,79882.07794137369,79832.96816741649,79868.9014658167,717.6605080464115
2024-01-13 05:45:00+00:00,80151.20954292218,80327.1984243607,80073.53593358699,80100.66326834429,883.4318064996671
2024-01-13 06:00:00+00:00,80057.05669106384,80141.2379072413,80071.03412309634,80072.97063183233,595.4328644897716
2024-01-13 06:15:00+00:00,80174.9991586008,80194.42255694298,80108.61081296495,80118.45479769008,866.0703283649076
2024-01-13 06:30:00+00:00,80174.47074178491,80290.11579214562,80199.32692957047,80224.09900545648,997.225034050821
2024-01-13 06:45:00+00:00,79918.24946951709,80035.79069808111,79919.93589498008,80020.37658816372,136.65437779255717
2024-01-13 07:00:00+00:00,80081.61162573875,80030.09046754993,79946.47469681593,79983.47268157132,977.3000100781672
2024-01-13 07:15:00+00:00,80115.43548128588,80161.27447077559,80048.40874844523,80071.86055301556,376.16355571126365
2024-01-13 07:30:00+00:00,80015.75394625559,80094.71124045926,79936.05795621006,80002.94542163378,286.0864256997579
2024-01-13 07:45:00+00:00,80049.23189979128,80054.87631056407,79926.29493090032,79973.91630554156,352.9257978975054
2024-01-13 08:00:00+00:00,79901.21964757808,79935.13510144694,79823.76073248092,79886.9315708563,177.53876538858628
2024-01-13 08:15:00+00:00,79616.99979518926,79736.00492342097,79715.88822206302,79722.52969801323,626.8200423846325
2024-01-13 08:30:00+00:00,79549.29198881562,79632.71290706313,79537.83123334651,79553.41589287286,980.396310073108
2024-01-13 08:45:00+00:00,79565.29655449247,79620.76149051895,79549.27094576538,79596.2801716986,578.191389273407
2024-01-13 09:00:00+00:00,79586.86917255289,79701.97350413665,79517.8313397209,79602.6961866141,891.7135404711952
2024-01-13 09:15:00+00:00,79759.04222590139,79820.79850533078,79702.04204904458,79794.90352869182,268.97360721416044
2024-01-13 09:30:00+00:00,79652.71151030222,79747.71859037827,79632.04583853987,79705.28177550115,895.1001019129245
2024-01-13 09:45:00+00:00,79729.19932334984,79733.4414869174,79618.09900453113,79664.0840881667,797.2550295119325
2024-01-13 10:00:00+00:00,79681.86679995559,79792.83865126551,79628.01689950094,79668.67759589858,651.8844873204866
2024-01-13 10:15:00+00:00,79782.06110887954,79837.70827557465,79630.56671770284,79700.21092951843,165.52781524073146
2024-01-13 10:30:00+00:00,80105.9296926297,80048.49743672543,79968.52080915832,79998.95474154648,423.63786408477057
2024-01-13 10:45:00+00:00,80158.14437744823,80218.92028472155,80098.15035354592,80129.63740428298,886.9013460196973
2024-01-13 11:00:00+00:00,80147.02414215509,80279.31991364295,80087.65280406401,80105.27613862838,597.8568577021119
2024-01-13 11:15:00+00:00,80345.15074229172,80390.18903447452,80211.97508252163,80389.05862605243,394.82671084989795
2024-01-13 11:30:00+00:00,80256.73479869861,80349.96710212204,80151.8699983558,80271.21728365797,816.9819085985907
2024-01-13 11:45:00+00:00,80416.73244402114,80536.91370311187,80399.3317220429,80474.589841733,159.0597234881899
2024-01-13 12:00:00+00:00,80564.87477570566,80640.27361647908,80360.79474285626,80517.77465564186,332.86950080570796
2024-01-13 12:15:00+00:00,80487.53794087024,80565.23970233281,80498.87761647355,80518.25458158976,703.6203390186753
2024-01-13 12:30:00+00:00,80282.91249652559,80390.77134329687,80355.73240631755,80356.03356672481,624.565510581463
2024-01-13 12:45:00+00:00,80477.82143627496,80606.27542900675,80507.31811865629,80559.28974455688,563.3413998182299
2024-01-13 13:00:00+00:00,80199.73441275513,80265.30382840929,80126.97218461552,80220.97208872106,737.4951676641846
2024-01-13 13:15:00+00:00,80168.56188276589,80240.1385662888,80125.68558720016,80217.22379085263,964.2530348244044
2024-01-13 13:30:00+00:00,80166.65715237193,80200.59913734479,80146.13073105422,80162.83815705933,358.7343861546745
2024-01-13 13:45:00+00:00,80193.66573048639,80284.28632214341,80183.25585755575,80279.95939167542,531.7966051044872
2024-01-13 14:00:00+00:00,80259.69314507091,80351.17587720821,80129.2548308719,80156.49542888843,397.637801135889
2024-01-13 14:15:00+00:00,80043.43153874436,80118.15451052872,80059.55969843382,80075.0848012496,537.5234729392595
2024-01-13 14:30:00+00:00,80276.0731264507,80319.04415809741,80278.15983128197,80283.44378166649,509.8493206753728
2024-01-13 14:45:00+00:00,80720.34472057433,80806.24432343082,80637.1147741367,80738.3324398128,700.627674790384
2024-01-13 15:00:00+00:00,80882.2530447543,80876.38846448915,80811.07037880897,80827.31681015948,243.80376142984042
2024-01-13 15:15:00+00:00,80819.52330393558,80798.12402654982,80608.89356396739,80707.86516315464,547.0739070016859
2024-01-13 15:30:00+00:00,80719.83638358688,80791.09989083275,80667.03015013898,80717.51913152929,327.32146100970385
2024-01-13 15:45:00+00:00,80853.78850434867,80916.79503213873,80821.24537857244,80876.70391574646,514.7254633522091
2024-01-13 16:00:00+00:00,81125.28685063566,81167.43608763431,81097.17543351858,81149.89105066509,426.6719833067935
2024-01-13 16:15:00+00:00,81463.36055714494,81550.19408187587,81402.47276144651,81495.63902017822,530.6763908055061
2024-01-13 16:30:00+00:00,81712.63540910257,81837.52552800273,81607.76280425338,81761.79755151062,173.355598101579
2024-01-13 16:45:00+00:00,82109.28043893423,82089.71282920425,81954.94732143788,82078.45669380248,826.1629619540238
2024-01-13 17:00:00+00:00,82251.82543021927,82321.74508998658,82097.20096930675,82254.11245905512,303.90309112231597
2024-01-13 17:15:00+00:00,82406.21492336722,82331.19579550097,82262.69485921429,82298.66856784277,780.2568349318348
2024-01-13 17:30:00+00:00,82414.83170358728,82456.44434556524,82421.93381446134,82431.7698072392,857.1425872942621
2024-01-13 17:45:00+00:00,82611.20061059762,82670.44496695895,82576.12410185806,82663.16840913394,326.9307957982816
2024-01-13 18:00:00+00:00,82692.89678278583,82761.91615188472,82672.23483600719,82742.13720054823,209.46336723477867
2024-01-13 18:15:00+00:00,82579.87519824273,82696.09729388177,82482.62300333053,82628.37865389923,741.6519711299958
2024-01-13 18:30:00+00:00,82786.38706610438,82825.47726003073,82679.82540871626,82798.4725261961,433.10929464590816
2024-01-13 18:45:00+00:00,83270.34266898962,83275.95300465805,83081.18699868563,83152.49906631758,462.35967638980395
2024-01-13 19:00:00+00:00,83373.50512723898,83319.72616138555,83210.28015992047,83265.8737136935,743.8434813204817
2024-01-13 19:15:00+00:00,83556.11316531936,83573.31812453011,83539.35875720622,83542.89669132073,725.8272487597117
2024-01-13 19:30:00+00:00,83560.5706778194,83631.87453203747,83536.74577239082,83571.92647050285,114.57936941613167
2024-01-13 19:45:00+00:00,83501.33071403076,83602.54062044117,83540.44478570277,83584.90507663267,325.90599109172126
2024-01-13 20:00:00+00:00,83776.07166658812,83772.30591555231,83674.19136275342,83716.33390719995,716.2386260844305
2024-01-13 20:15:00+00:00,83646.19813920576,83920.20497326378,83577.68521815217,83696.23216217967,355.82301558719763
2024-01-13 20:30:00+00:00,83360.17991097737,83449.04452529282,83311.64457569183,83367.30278114394,594.0500981291846
2024-01-13 20:45:00+00:00,83501.17349973152,83553.41916050208,83422.31713624878,83489.71125263028,285.8417852166179
2024-01-13 21:00:00+00:00,83166.40184604205,83175.97722651328,83094.14641665376,83116.36008114913,256.44226857298554
2024-01-13 21:15:00+00:00,83091.4127626287,83084.40180004208,83015.09798667523,83063.20819954634,242.76865417046534
2024-01-13 21:30:00+00:00,83182.37958869252,83312.33873540326,83182.34814216563,83249.03197614421,287.82450588573886
2024-01-13 21:45:00+00:00,83271.8575947274,83364.28768850704,83164.53633384759,83200.91004412336,431.15370447717726
2024-01-13 22:00:00+00:00,83058.52403704597,83179.13669324001,83041.01703773026,83094.93600815222,662.7040871884677
2024-01-13 22:15:00+00:00,83072.46930537635,83165.85680964109,82996.44429851967,83110.45989067407,583.4615962071986
2024-01-13 22:30:00+00:00,83195.19213544749,83181.66967813618,82974.53073349016,83173.06612613738,416.5516905118909
2024-01-13 22:45:00+00:00,83081.9819978216,83260.41471568569,83078.12173624466,83092.38287436959,144.70899806426468
2024-01-13 23:00:00+00:00,83545.04192629458,83628.05045108557,83331.54584466579,83489.05786303263,929.1732420028372
2024-01-13 23:15:00+00:00,83673.6651031844,83718.05956755744,83678.84714372599,83698.63084593203,100.95575565869727
2024-01-13 23:30:00+00:00,83903.4182266527,84094.36979969246,83806.6279188147,83932.85387548809,523.8826890162106
2024-01-13 23:45:00+00:00,83849.46413051433,83980.02512092797,83868.32383478357,83912.22462041244,891.6860912637769
2024-01-14 00:00:00+00:00,83950.81552037876,83989.98601627848,83865.31690438985,83986.80762606177,468.24282132479703
2024-01-14 00:15:00+00:00,83676.63366337672,83742.02383358126,83658.3159054082,83668.5508444583,407.9262071389238
2024-01-14 00:30:00+00:00,83768.90062468272,83796.98210900757,83756.93032449206,83777.6487562844,618.1552060326229
2024-01-14 00:45:00+00:00,83712.54385567231,83662.61051717857,83635.42130527277,83654.63623935549,483.40071766331033
2024-01-14 01:00:00+00:00,83512.04251168949,83563.09613849841,83468.22095292658,83535.82640104392,511.5660561309452
2024-01-14 01:15:00+00:00,83531.788848799,83697.17198243843,83497.1636305723,83569.8871173514,201.02999640981926
2024-01-14 01:30:00+00:00,83510.16078564,83708.79921916213,83469.53166212428,83538.38046978059,503.64421736626673
2024-01-14 01:45:00+00:00,83393.16014680828,83430.48308634793,83315.8890474077,83399.90557986953,836.8008974957435
2024-01-14 02:00:00+00:00,83474.32826894947,83571.66053875814,83482.41900840396,83491.4936993419,286.1414151970363
2024-01-14 02:15:00+00:00,83388.25259946422,83475.67175599645,83327.51710617369,83415.3727972144,457.3292534223466
2024-01-14 02:30:00+00:00,83663.71198903768,83749.86156608074,83567.14115813516,83650.92816037845,888.132804506455
2024-01-14 02:45:00+00:00,83530.2981998564,83585.92275444457,83551.76864764221,83552.88054949026,297.50154111315385
2024-01-14 03:00:00+00:00,83286.06851599796,83410.73474526645,83331.99297819106,83380.39725712671,587.5377383378745
2024-01-14 03:15:00+00:00,83427.21214286223,83420.46164232475,83364.17353287057,83369.66993646057,325.1479578824943
2024-01-14 03:30:00+00:00,83466.57402593477,83574.36700763414,83406.44408883365,83563.39419864374,343.49408562940175
2024-01-14 03:45:00+00:00,83522.66509948882,83560.77827947088,83448.92645052212,83491.61909969809,517.5202356951886
2024-01-14 04:00:00+00:00,83455.59543175781,83456.81273023355,83421.54210232198,83438.06528612529,378.89249535814065
2024-01-14 04:15:00+00:00,82978.05423524995,83126.05540390678,83008.19463823935,83023.07031369355,882.3637803347355
2024-01-14 04:30:00+00:00,83129.07881512852,83272.2006714179,83035.74885856283,83087.46822309238,799.272320415927
2024-01-14 04:45:00+00:00,83279.24551266382,83270.43308516513,83161.95377548403,83238.85701240264,946.8302796883557
2024-01-14 05:00:00+00:00,83229.18453735438,83276.99207289233,83098.39856064843,83272.48191997064,594.6234526777719
2024-01-14 05:15:00+00:00,83278.7911468527,83256.3493087682,83177.82441251652,83242.42437586388,108.03512990948705
2024-01-14 05:30:00+00:00,83122.24763246838,83238.03766757718,83053.33706193126,83162.92044817896,720.2419377461574
2024-01-14 05:45:00+00:00,83106.86551711206,83216.45807809605,83116.41955004679,83139.10414997452,595.6800884184821
2024-01-14 06:00:00+00:00,82835.16571125352,83059.25602483115,82859.50932418002,82907.88052350392,644.8606414337818
2024-01-14 06:15:00+00:00,83059.11812454299,83117.39787796374,82937.67201115517,82964.61651810646,936.307771272575
2024-01-14 06:30:00+00:00,82762.44532925474,82843.14566649905,82679.38237178394,82747.0305015548,726.0951372620646
2024-01-14 06:45:00+00:00,82601.56464571001,82652.21073523628,82603.00196293427,82607.25083757521,743.3708816832531
2024-01-14 07:00:00+00:00,82968.21224795021,82912.88818330038,82784.69249436217,82875.68922662242,711.3897572550422
2024-01-14 07:15:00+00:00,83239.93468596225,83450.06330496904,83105.92603838223,83224.61096718849,820.3433537867977
2024-01-14 07:30:00+00:00,83183.04904372255,83207.3063780179,83076.09955874353,83132.05362451711,700.3272145329258
2024-01-14 07:45:00+00:00,83155.36243261932,83101.16541652106,83009.0559765466,83070.07466087889,863.9738339904435
2024-01-14 08:00:00+00:00,83251.32573215928,83399.71248846738,83237.46980139756,83377.37897464882,142.07532085973864
2024-01-14 08:15:00+00:00,83656.54015243611,83651.41579333655,83551.365047233,83635.09364287724,707.4422597503115
2024-01-14 08:30:00+00:00,83415.25682272394,83576.95801610929,83397.37021420912,83498.13648435805,602.9876192126945
2024-01-14 08:45:00+00:00,83797.13729464651,83783.38537263239,83523.00286369848,83697.12431368005,264.66665534965136
2024-01-14 09:00:00+00:00,83905.08007096681,83956.59950730433,83758.64181913927,83896.99082032156,602.8529425344316
2024-01-14 09:15:00+00:00,83930.66298852165,83988.08845940567,83823.92631806183,83859.3881953476,995.1321032479732
2024-01-14 09:30:00+00:00,83945.79797645155,84054.71568977043,83867.40155321093,84014.45533708906,595.1063521617846
2024-01-14 09:45:00+00:00,84323.70660077,84539.1874516079,84319.35979948015,84360.47466649662,437.06158186190356
2024-01-14 10:00:00+00:00,84324.94563742867,84367.61019129168,84242.39398179804,84267.53863176353,654.4749194672657
2024-01-14 10:15:00+00:00,84559.5618153504,84569.78012286416,84393.62456535242,84447.87625114441,202.14832151798527
2024-01-14 10:30:00+00:00,84424.65581394907,84675.75085155791,84516.9140766299,84535.7881781363,558.1536680716295
2024-01-14 10:45:00+00:00,84221.27665145218,84276.11653256789,84192.85495029071,84264.40582655325,954.6221315610403
2024-01-14 11:00:00+00:00,84250.71622979264,84291.15724874253,84244.05201781495,84280.26182248267,577.4686674519963
2024-01-14 11:15:00+00:00,84090.66877531665,84185.23312136513,84072.46848746731,84172.3684318624,705.4342690420269
2024-01-14 11:30:00+00:00,84484.39987049514,84471.04004059662,84347.21243007733,84417.18334502647,761.146359174106
2024-01-14 11:45:00+00:00,84388.01986307833,84423.75026815789,84240.15448935502,84325.22067737253,415.55959501897615
2024-01-14 12:00:00+00:00,84313.6598740675,84345.80039245258,84245.43121833495,84315.92133110708,102.29975627057274
2024-01-14 12:15:00+00:00,84293.90989829104,84321.92815484364,84212.75949542438,84321.20806248012,858.5514594882014
2024-01-14 12:30:00+00:00,84336.55886300659,84440.8477865757,84113.55071811608,84265.18343448936,116.07518355945813
2024-01-14 12:45:00+00:00,83987.96112428975,84140.98584227575,83890.56725323993,83912.39919461533,440.11245860868524
2024-01-14 13:00:00+00:00,84043.59015414858,84172.4178826191,84050.28092965651,84079.09001965249,992.5279049324126
2024-01-14 13:15:00+00:00,84150.78891841989,84193.34522557197,84089.0719855967,84120.1072426034,204.12985848816317
2024-01-14 13:30:00+00:00,84239.53724711403,84355.57178684593,84207.92014038203,84351.85667904865,308.65199385023163
2024-01-14 13:45:00+00:00,84171.35976696509,84296.94196070322,84288.83079419876,84289.63013942589,147.26707978373253
2024-01-14 14:00:00+00:00,84457.955956237,84446.71070634529,84374.49458714928,84386.47126645454,951.9929349794348
2024-01-14 14:15:00+00:00,84485.7616363222,84532.22942037722,84443.73505706736,84516.25528845619,832.9448718188028
2024-01-14 14:30:00+00:00,84339.0436676632,84453.64917030766,84305.82590594614,84329.72852475978,319.21840372792826
2024-01-14 14:45:00+00:00,84120.56185222976,84260.57925436931,84040.52301338901,84203.13810453076,631.5580163759474
2024-01-14 15:00:00+00:00,84467.51627296662,84378.55187942115,84357.04750741106,84371.5651695434,430.8994431939291
2024-01-14 15:15:00+00:00,84470.73340347581,84680.68714939347,84510.16981079958,84546.76576945618,675.9659606265184
2024-01-14 15:30:00+00:00,84757.9903891412,84785.6886298033,84695.51016820874,84725.10829048448,868.9417244398691
2024-01-14 15:45:00+00:00,84364.6955793625,84526.28854167748,84343.30740992118,84369.14791172139,769.1105029639498
2024-01-14 16:00:00+00:00,84050.98127431185,84042.37021456189,83919.27084041385,84001.879796159,667.5020528002959
2024-01-14 16:15:00+00:00,84046.77784760506,84060.75325695034,83794.45753943025,83915.9678146162,207.42976487529137
2024-01-14 16:30:00+00:00,84456.87444762894,84629.656115408,84273.91957654379,84405.73227568372,577.1566369520303
2024-01-14 16:45:00+00:00,84423.6033161913,84501.36796276362,84368.1788880194,84452.31104162901,422.5610875987478
2024-01-14 17:00:00+00:00,84389.17750678817,84473.13944723265,84297.56350178197,84362.71153302482,900.5055258923763
2024-01-14 17:15:00+00:00,84760.15920629988,84811.11651961341,84496.69473205022,84693.30785639708,854.4915137324244
2024-01-14 17:30:00+00:00,84712.19047422535,84889.07502685871,84637.38867219859,84737.40910377215,822.7011553208991
2024-01-14 17:45:00+00:00,84529.47102395546,84699.46093275008,84493.8555395416,84513.51572513844,609.6278534776527
2024-01-14 18:00:00+00:00,84480.43652485142,84549.81928215423,84276.38414463324,84468.28608189891,715.2720096315003
2024-01-14 18:15:00+00:00,84103.75270435847,84231.48575793415,84121.26535795526,84167.05505406891,854.5910676583067
2024-01-14 18:30:00+00:00,84345.26228013408,84411.36818020722,84292.52126248242,84311.0738457906,947.4379293832804
2024-01-14 18:45:00+00:00,84684.91731942349,84760.5505363622,84525.49514753571,84628.88747835268,623.7083823999462
2024-01-14 19:00:00+00:00,84710.94086670253,84796.9146321977,84677.77870703752,84756.37179049435,591.072031365743
2024-01-14 19:15:00+00:00,84850.91315656758,84842.42052236937,84790.71439679126,84813.60229793153,395.9222620477682
2024-01-14 19:30:00+00:00,84959.63721701251,84963.77684545849,84879.32323015225,84931.43952918699,603.4832739714325
2024-01-14 19:45:00+00:00,84833.19969568907,84812.076663305,84693.68169565845,84756.16344081561,591.650713426508
2024-01-14 20:00:00+00:00,84904.24753850151,84877.41951502064,84849.41073855598,84857.49535613092,712.0365150477924
2024-01-14 20:15:00+00:00,84860.38064139744,84881.45161018237,84800.77254781977,84833.02012644883,276.26860943694453
2024-01-14 20:30:00+00:00,85061.09632874318,85049.94940218527,84990.10567299205,85026.77597246856,220.55113742677355
2024-01-14 20:45:00+00:00,85063.98173742594,85021.18055015136,84940.06213642009,84998.36969591322,186.82535447648814
2024-01-14 21:00:00+00:00,84903.99939467353,84911.91032136977,84889.55869336316,84900.28998227151,717.6043335061845
2024-01-14 21:15:00+00:00,84711.35449406983,84808.91575806357,84798.57335991408,84803.28610115346,582.5334944695035
2024-01-14 21:30:00+00:00,85306.37485451414,85319.6152182081,85238.05161717127,85266.83051992621,232.31961361349397
2024-01-14 21:45:00+00:00,84987.94330853225,85113.55243115978,85041.88270721477,85093.60797670376,712.5420356377226
2024-01-14 22:00:00+00:00,85303.74323593765,85276.15370094153,85182.02759940215,85270.14796423922,549.3381928017054
2024-01-14 22:15:00+00:00,85275.90716113978,85211.936721865,85071.18195280594,85190.68213388504,806.8101390398929
2024-01-14 22:30:00+00:00,85162.22063272765,85193.86426179139,85005.90418184016,85121.6465595396,742.1128759737045
2024-01-14 22:45:00+00:00,84938.49028534724,85091.91664171689,84968.04416148865,84991.2691060481,287.0276775804401
2024-01-14 23:00:00+00:00,85211.44575066646,85249.61869011265,85206.56237692431,85246.11958337366,378.7295536850067
2024-01-14 23:15:00+00:00,85066.4909279564,85127.84895842677,85068.77911627592,85116.31672467425,524.5688828259657
2024-01-14 23:30:00+00:00,85140.98302373698,85258.02833402282,85109.14662427823,85113.736659563,444.43841304268227
2024-01-14 23:45:00+00:00,85125.94575024307,85147.71912650098,85115.23230789638,85132.55512233255,252.6001918270023
2024-01-15 00:00:00+00:00,85068.0397489196,85064.99051417656,85059.9405060919,85061.13906807402,797.5033894358578
2024-01-15 00:15:00+00:00,84958.39388482526,85210.1905864399,84983.28847225763,85035.69747049252,555.041597681017
2024-01-15 00:30:00+00:00,85329.59542506459,85485.8601634753,85420.09989184297,85435.22252171116,543.2265421112402
2024-01-15 00:45:00+00:00,85454.64328393758,85383.90904857901,85225.80890560386,85369.80478038096,557.8662198767682
2024-01-15 01:00:00+00:00,85019.90657073632,85000.30348774893,84903.24532164623,84983.2776768452,411.96158104436836
2024-01-15 01:15:00+00:00,84887.32795478043,84904.5734752892,84812.17349101572,84843.75107824848,818.5871103121584
2024-01-15 01:30:00+00:00,85107.63529591958,85120.34050538809,85058.4024709154,85118.92096710406,724.5436882846654
2024-01-15 01:45:00+00:00,85176.70286827633,85270.41832376724,85218.30879222955,85230.0734008101,220.11510501905866
2024-01-15 02:00:00+00:00,85269.05627290324,85224.32121502244,85091.21438103182,85129.104660071,795.0802268708189
2024-01-15 02:15:00+00:00,84919.56033901815,85007.11179017164,84954.12333693949,84965.81218522298,148.55907657296663
2024-01-15 02:30:00+00:00,85261.84881926373,85320.13287284104,85218.45088512667,85232.53925799952,540.2006277932394
2024-01-15 02:45:00+00:00,85224.07569976788,85371.1776221706,85192.36710140774,85220.96321985131,131.00755165416635
2024-01-15 03:00:00+00:00,85373.80348529234,85376.54417381078,85290.14677327135,85367.63456183048,607.4905310235556
2024-01-15 03:15:00+00:00,85286.95346548423,85420.34456823271,85346.56791508141,85349.0910155149,842.6267990324314
2024-01-15 03:30:00+00:00,85419.99458747852,85447.24280121546,85304.21018795528,85357.92994584488,366.2746653245127
2024-01-15 03:45:00+00:00,85337.31457562394,85420.16210879276,85329.79888385469,85343.69776733195,199.15415355732466
2024-01-15 04:00:00+00:00,85493.59602921699,85696.38664150181,85544.23357152856,85580.09047588016,765.5369015497369
2024-01-15 04:15:00+00:00,85765.99662025204,85828.5522443727,85659.2425522566,85714.51614429451,656.6181758979242
2024-01-15 04:30:00+00:00,85777.43401246553,85898.53124576843,85732.04989454306,85818.77872967508,883.0703276170893
2024-01-15 04:45:00+00:00,85930.71384369371,85911.24635530685,85890.42240431374,85907.4145053798,417.20089118392355
2024-01-15 05:00:00+00:00,85986.36840823323,86030.8971808314,85818.54841217736,85949.1682561647,667.443725221523
2024-01-15 05:15:00+00:00,86026.01428884237,86010.12528092011,85901.19940230786,85955.76466679582,224.5185877748043
2024-01-15 05:30:00+00:00,85896.05937978667,86010.0176595809,85758.5873433242,85918.84484184551,441.6579249932019
2024-01-15 05:45:00+00:00,86107.51298833227,86081.7039720686,86032.19990232159,86049.72277328317,740.9752603254415
2024-01-15 06:00:00+00:00,85889.12601439857,85886.91780230658,85861.59946377185,85878.67668263585,833.6705829835108
2024-01-15 06:15:00+00:00,85844.79496900765,85956.17818534657,85821.31521919138,85836.20227605314,322.12519670460574
2024-01-15 06:30:00+00:00,86028.9294635344,86264.44485769211,86086.72382059654,86086.92811992962,445.32127153323955
2024-01-15 06:45:00+00:00,86071.4057887974,86123.82077809077,86025.23531920108,86052.83430835215,952.9744870259208
2024-01-15 07:00:00+00:00,86039.18522001733,86066.41211334,86045.19836081429,86056.26222130394,650.2971799659919
2024-01-15 07:15:00+00:00,86145.78386951775,86199.87048959281,86133.71706472611,86158.67521194849,996.585856358443
2024-01-15 07:30:00+00:00,86474.93978894605,86457.56345621037,86352.13786337705,86412.92933090993,344.700896400744
2024-01-15 07:45:00+00:00,86218.16556337847,86314.09945410844,86115.52062331494,86269.81581700836,785.2601147590055
2024-01-15 08:00:00+00:00,86074.20392971397,86186.70692933782,86021.61443075132,86104.97719538865,989.5617275977048
2024-01-15 08:15:00+00:00,86051.49197183708,86218.97167029876,86038.73825655176,86157.04426262327,127.871854229714
2024-01-15 08:30:00+00:00,85980.38061100576,86217.65070129758,85980.52226429518,86057.46107965488,333.30157337731816
2024-01-15 08:45:00+00:00,86079.8927317235,86073.10937988978,85952.06064286851,86070.88494468521,746.5647248418364
2024-01-15 09:00:00+00:00,85728.48995048167,85874.38730618043,85641.5401556229,85761.52341890369,724.0324630505856
2024-01-15 09:15:00+00:00,85640.98400232063,85658.46744131541,85457.00408457124,85603.19336114817,107.90616871367817
2024-01-15 09:30:00+00:00,85753.88064905615,85778.36752173178,85589.13543488493,85657.15202191255,325.9807931596592
2024-01-15 09:45:00+00:00,85555.32454723102,85618.06695226596,85533.18216179685,85584.08369884636,890.5541515147913
2024-01-15 10:00:00+00:00,85498.78526148725,85542.35018325585,85477.73404895095,85511.46476742279,777.9796571834081
2024-01-15 10:15:00+00:00,85694.04312931046,85667.57430003247,85450.70283793587,85622.19726674752,178.8890692990836
2024-01-15 10:30:00+00:00,85683.86226107775,85741.60957487988,85625.79301499236,85659.66207709354,142.01665069401184
2024-01-15 10:45:00+00:00,85194.80754078995,85408.81280950227,85199.97949160144,85282.67970878455,855.4379356023317
2024-01-15 11:00:00+00:00,85334.81786107844,85535.61110304118,85395.37550137969,85422.65654046254,155.3169807059812
2024-01-15 11:15:00+00:00,85265.920167903,85446.17495989615,85133.07694013818,85220.52900364922,872.6895563817911
2024-01-15 11:30:00+00:00,85357.83097987722,85514.89723686676,85342.85176572547,85469.22017149706,540.6054940627383
2024-01-15 11:45:00+00:00,85571.2545111219,85570.19108348011,85389.58783565166,85569.2239914111,539.4755190777605
2024-01-15 12:00:00+00:00,85648.7118591782,85607.2150693673,85540.95014845143,85542.51081225248,736.4987947321713
2024-01-15 12:15:00+00:00,85815.38555537783,85856.67455328368,85631.94457325262,85791.73794196908,624.483194291101
2024-01-15 12:30:00+00:00,86181.95770760342,86265.83918014949,85955.65317939993,86165.908692429,780.5422056233958
2024-01-15 12:45:00+00:00,86289.89990042563,86359.12951151092,86297.96682213848,86298.16795198058,302.4875075108827
2024-01-15 13:00:00+00:00,86080.57768925984,86198.67293213593,86008.12774636535,86140.6072894265,642.056491127274
2024-01-15 13:15:00+00:00,86086.42374743045,86200.85818218542,86133.27679788588,86191.72020650686,131.36418144803602
2024-01-15 13:30:00+00:00,86314.93202471785,86309.20848442646,86185.9528067914,86245.32625604582,248.54304308469602
2024-01-15 13:45:00+00:00,86049.22569684124,86043.19839662444,85956.37172981136,85995.16628578537,424.4618693753552
2024-01-15 14:00:00+00:00,85799.52017085884,85924.84334817964,85818.03027719194,85821.52244204217,642.4998332488079
2024-01-15 14:15:00+00:00,85842.6995653568,86015.60515701553,85867.71017975315,85916.05462919989,756.0790367800831
2024-01-15 14:30:00+00:00,86334.34488624163,86420.59738745612,86204.03705321251,86326.04366317543,326.51187240375975
2024-01-15 14:45:00+00:00,86711.93604868835,86671.7847353622,86475.720914026,86636.09363739382,570.0771626278395
2024-01-15 15:00:00+00:00,86777.58377343728,86829.88221154113,86660.44478790653,86806.7911815886,653.6295318093272
2024-01-15 15:15:00+00:00,86749.86642847375,86808.50821939144,86670.68394773852,86730.69847760351,304.1779085698088
2024-01-15 15:30:00+00:00,86596.00737018447,86858.03880577342,86573.59629487708,86682.71943549566,663.1369017224237
2024-01-15 15:45:00+00:00,86482.5360587767,86656.04266112445,86576.79999806854,86625.11427653808,249.32429011298967
2024-01-15 16:00:00+00:00,86966.97022598973,87107.40027431361,86815.97751309063,86916.77889049039,123.09771752257728
2024-01-15 16:15:00+00:00,86727.80493514732,86684.00499248019,86563.45768102052,86641.73982271478,681.138405346729
2024-01-15 16:30:00+00:00,87113.58368047491,87093.31606834028,86960.13545980088,87030.04141804624,393.6325047611949
2024-01-15 16:45:00+00:00,87007.76300147096,87244.66591287254,86963.68348477458,87045.35217802017,778.6939780739788
2024-01-15 17:00:00+00:00,87003.95493991881,87071.68784161168,86924.88080138263,87012.092134894,818.631121254373
2024-01-15 17:15:00+00:00,87193.82511194855,87129.69937744754,87050.21873241782,87127.45194817564,182.13390324962847
2024-01-15 17:30:00+00:00,87260.70749336484,87467.55960537957,87231.84278635097,87272.47653922823,167.84072328201057
2024-01-15 17:45:00+00:00,87340.86548325405,87328.34590757886,87287.25104989349,87326.26930826048,113.14478299910354
2024-01-15 18:00:00+00:00,87381.06676943459,87390.62603415202,87244.37108841364,87369.39895140669,479.6487440916933
2024-01-15 18:15:00+00:00,87572.91690916731,87544.17337490861,87299.3975922731,87475.97582670853,540.0597687477132
2024-01-15 18:30:00+00:00,87639.90319328902,87880.11825639155,87625.55234382469,87763.46560367421,915.2892432588693
2024-01-15 18:45:00+00:00,88073.52929603985,88163.78168845244,87979.12104074829,88077.55959083216,177.16207501620914
2024-01-15 19:00:00+00:00,87823.69710527334,88050.2301093538,87807.61514219402,87888.05791059857,330.35714205710826
2024-01-15 19:15:00+00:00,87939.76395172895,87929.65902491646,87854.7064189258,87872.32247356983,810.9547387196741
2024-01-15 19:30:00+00:00,87866.31928116574,87981.3072447642,87773.06573809062,87895.92614639924,150.76198362923938
2024-01-15 19:45:00+00:00,87823.94970270593,87982.32151500207,87772.42389101812,87854.81630316204,517.754587068056
2024-01-15 20:00:00+00:00,87817.49984198352,87973.14295304158,87758.75928829353,87805.25814175578,573.2659206787056
2024-01-15 20:15:00+00:00,87951.27171827534,88047.97687556763,87986.16678157276,87993.85487414266,807.7653831314092
2024-01-15 20:30:00+00:00,88131.21492191919,88106.91916150195,87924.94507999253,88065.8060981154,107.18162392809597
2024-01-15 20:45:00+00:00,88169.0567272367,88321.37805797294,88093.6632950839,88163.92318821678,384.2473335702232
2024-01-15 21:00:00+00:00,88093.66601432393,88233.05511389002,87970.69669337998,88118.14210484117,851.1242879687395
2024-01-15 21:15:00+00:00,87982.70122868809,88130.05241304926,87968.9165166455,87986.47664626557,933.4591213045918
2024-01-15 21:30:00+00:00,88164.31714672879,88238.49315553429,88216.41440578416,88217.59258409917,526.6785708034442
2024-01-15 21:45:00+00:00,87871.03665884727,88020.66321645712,87917.8430790399,87962.98807447132,116.86561354946451
2024-01-15 22:00:00+00:00,88072.48640750229,88122.24990008581,88006.93351217681,88100.86324034237,421.7889399600266
2024-01-15 22:15:00+00:00,88267.98922936253,88259.61793632247,88142.80112210495,88181.28028138506,594.8957164861215
2024-01-15 22:30:00+00:00,88138.9500971578,88228.64048731612,88163.93578890114,88178.02304848294,895.4614636701205
2024-01-15 22:45:00+00:00,88172.43759870101,88174.48402210581,88040.28299275547,88173.33199114008,222.99615805253467
2024-01-15 23:00:00+00:00,88032.88609285736,88161.74435577942,88022.8158520535,88128.4948634972,596.1948251379814
2024-01-15 23:15:00+00:00,88397.72324784861,88584.7911329296,88333.29589567996,88432.64486943024,978.7669975162441
2024-01-15 23:30:00+00:00,88597.75580592117,88600.33672082292,88486.23409290858,88536.67003369694,254.67435466898058
2024-01-15 23:45:00+00:00,88296.2836346216,88411.67964853944,88353.69346429277,88355.8878062892,882.5721498376109
2024-01-16 00:00:00+00:00,88081.340043549,88201.31945824534,88122.53030503882,88149.05734677552,605.1314663747266
2024-01-16 00:15:00+00:00,88137.88821189434,88208.08198418192,88042.02278561734,88123.81466359699,593.6818684727696
2024-01-16 00:30:00+00:00,88174.79177258334,88054.07617245858,87974.07286090624,88041.60861135754,782.6296688573719
2024-01-16 00:45:00+00:00,88184.64614142317,88179.42431982652,88079.97802684482,88170.37425787085,641.7915313160512
2024-01-16 01:00:00+00:00,88181.47306955041,88198.48186423068,88150.98159710436,88165.22996826985,507.7555084876355
2024-01-16 01:15:00+00:00,88309.11367582565,88380.35325418552,88188.92087286095,88329.52051837464,920.933879299168
2024-01-16 01:30:00+00:00,88254.46001224064,88196.33655899439,88062.05895647939,88178.8287190752,737.1779860144941
2024-01-16 01:45:00+00:00,88276.47973050008,88379.7783185967,88225.14569253007,88277.68089922333,494.36025644708695
2024-01-16 02:00:00+00:00,88677.4987552769,88637.35871985767,88454.81659760933,88589.11389124562,393.52087654533716
2024-01-16 02:15:00+00:00,88470.48871653648,88642.11115229415,88434.84188995586,88471.53850903022,525.7746146554402
2024-01-16 02:30:00+00:00,88492.1197984983,88585.07554548736,88342.16095949752,88511.83971382194,981.3231557916499
2024-01-16 02:45:00+00:00,88442.9964795753,88397.34371756362,88305.04346120133,88382.85121250893,618.7539759072474
2024-01-16 03:00:00+00:00,88323.49549923062,88339.98348498344,88305.16453577798,88312.08941394463,200.64017194613416
2024-01-16 03:15:00+00:00,88637.18864789998,88475.62871387474,88302.22289541655,88451.31282795755,451.72497442782117
2024-01-16 03:30:00+00:00,88782.07458990855,88761.26456627833,88716.22257065092,88740.94270161509,986.8986500743921
2024-01-16 03:45:00+00:00,88546.11741962367,88668.80640524109,88524.7407503763,88574.75511453049,995.2883632887525
2024-01-16 04:00:00+00:00,88386.84287304377,88426.77750625348,88352.42398624646,88390.54015542424,306.9557692431338
2024-01-16 04:15:00+00:00,88416.24800906342,88569.38063932677,88483.30979400234,88511.90688376079,980.0962075176184
2024-01-16 04:30:00+00:00,88462.92982047117,88467.2114781357,88355.15236274077,88402.15260115861,770.049617394678
2024-01-16 04:45:00+00:00,88433.71248794421,88506.24619615427,88457.59058689406,88475.32635846583,549.8372737978543
2024-01-16 05:00:00+00:00,88539.26929617953,88751.98813200158,88560.38368951065,88594.10746892597,913.1115203761241
2024-01-16 05:15:00+00:00,88712.41089021422,88892.66853230016,88679.50809617582,88773.51248995362,600.5909151718552
2024-01-16 05:30:00+00:00,88645.13519877258,88811.86477009993,88715.36919404354,88737.60202044784,393.7633203835871
2024-01-16 05:45:00+00:00,88357.08347309308,88427.60947496607,88358.85136876466,88384.78845722512,889.2192904902032
2024-01-16 06:00:00+00:00,88399.12879065814,88514.13867238382,88266.87053321337,88335.59977436558,878.7101009180301
2024-01-16 06:15:00+00:00,88189.81593216966,88338.37155460022,88148.26830331358,88180.64834926222,481.14922881537905
2024-01-16 06:30:00+00:00,88186.46053052785,88163.45560881663,88064.93093121078,88109.70137190085,310.2776559486281
2024-01-16 06:45:00+00:00,88313.10802929131,88342.70959374215,88223.59217476721,88323.84438993623,306.1506307134456
2024-01-16 07:00:00+00:00,88216.48290906401,88338.28478021157,88084.00254862981,88223.1730144605,679.509822166962
2024-01-16 07:15:00+00:00,88196.83968358055,88254.45027596192,88156.5806385107,88178.28939579747,411.78426218072343
2024-01-16 07:30:00+00:00,88521.56726535162,88512.93282008573,88385.0892689112,88484.96127586112,191.36268629575545
2024-01-16 07:45:00+00:00,89064.67492421393,89083.78059632539,88923.59290232926,89022.74779489684,121.96650165184869
2024-01-16 08:00:00+00:00,89213.92489401631,89282.42769923563,89079.92794546066,89223.26798003602,347.05311184106654
2024-01-16 08:15:00+00:00,89461.05789619076,89504.645536027,89282.13466042327,89388.72834327507,375.3057346118268
2024-01-16 08:30:00+00:00,89128.54068569565,89305.36390407107,89083.44775455515,89191.44688060661,147.59882389927589
2024-01-16 08:45:00+00:00,89445.12658995193,89429.49675414292,89292.02019426734,89406.46635859173,911.9980946884558
2024-01-16 09:00:00+00:00,89570.70331489053,89552.81206110187,89400.00413964764,89497.85227224538,932.6575306981493
2024-01-16 09:15:00+00:00,89286.49112889761,89426.10358818833,89252.44039218573,89307.72910654811,367.50549267015566
2024-01-16 09:30:00+00:00,89173.42279619005,89388.6289855555,89143.19632608668,89198.63922502176,327.01876418385984
2024-01-16 09:45:00+00:00,89010.98398404298,89100.6389780739,88990.13903287565,89077.8233537992,281.53973835666045
2024-01-16 10:00:00+00:00,89040.11149853119,89061.97265721428,88924.95554455883,88970.73051826292,815.6356532845941
2024-01-16 10:15:00+00:00,89035.82823055156,89124.12229117822,88871.94508943053,89080.55010391139,996.0820319623107
2024-01-16 10:30:00+00:00,88991.52790045117,89026.31216132025,88898.50529130356,89024.55395129541,823.2131705006719
2024-01-16 10:45:00+00:00,88884.51153742758,89000.95047873989,88914.94429689701,88942.40711402247,560.8850731446726
2024-01-16 11:00:00+00:00,89018.66124648642,89069.98321495636,88967.36050411541,89021.37266911966,207.2884721550312
2024-01-16 11:15:00+00:00,89363.33354744107,89456.23091367308,89347.4296885971,89350.9190427053,207.05917774977235
2024-01-16 11:30:00+00:00,89401.13812279825,89522.96628006003,89424.68298817075,89465.34353151695,941.3368870000263
2024-01-16 11:45:00+00:00,89454.81439655105,89435.85573222423,89305.03021846262,89394.65853199812,136.00489535458533
2024-01-16 12:00:00+00:00,89486.52410772957,89519.73868929963,89451.17003510128,89495.3766342346,268.18526909878256
2024-01-16 12:15:00+00:00,89500.70735485856,89607.53870883188,89381.48253863805,89555.78424999332,814.8315813946127
2024-01-16 12:30:00+00:00,89458.73563655427,89606.8082517628,89382.9002083603,89467.72917402611,830.7069726840908
2024-01-16 12:45:00+00:00,89462.90551689494,89658.77126103727,89543.17223653146,89602.95805380303,585.0743483542778
2024-01-16 13:00:00+00:00,89681.61047476913,89671.79372396735,89516.0469851529,89637.82253592375,262.03430256098693
2024-01-16 13:15:00+00:00,89947.37541261788,89870.16561360906,89689.61322374277,89868.20269918624,254.23813818544733
2024-01-16 13:30:00+00:00,89940.01533243195,89925.7918464584,89710.80132164089,89846.34789178876,487.4361820842385
2024-01-16 13:45:00+00:00,89713.25462481182,89826.48342804413,89605.80523831645,89724.81971777159,282.6028743811602
2024-01-16 14:00:00+00:00,89835.29740031406,90021.7481123711,89699.3014314134,89752.87907148653,621.1787203256669
2024-01-16 14:15:00+00:00,89774.13553117329,89870.35909603232,89735.27107304525,89835.93398430337,318.9839602580621
2024-01-16 14:30:00+00:00,89943.51686806032,90059.00439159811,89911.24766542493,89931.27493361411,865.4805544650146
2024-01-16 14:45:00+00:00,89936.00808848397,89967.56593194617,89947.19327675037,89960.34680212838,534.8585357040956
2024-01-16 15:00:00+00:00,89454.99025667163,89515.51778391852,89406.55854710643,89472.53226851829,915.6958510407512
2024-01-16 15:15:00+00:00,89623.77042335554,89788.29756275081,89528.22494015121,89638.60004397956,508.9188691942773
2024-01-16 15:30:00+00:00,89798.17438677608,89949.5751930535,89744.39909580833,89811.25210541653,540.1449343439951
2024-01-16 15:45:00+00:00,89870.19510600145,89798.1719468794,89625.48121826307,89735.1208259502,967.84001970837
2024-01-16 16:00:00+00:00,89804.0903818503,89926.72299288462,89801.09341374267,89852.89579269793,152.186667745212
2024-01-16 16:15:00+00:00,89799.76764581495,89834.93101144383,89769.55027278484,89817.01286440765,464.77775636039706
2024-01-16 16:30:00+00:00,89747.86218652045,89844.19531043737,89615.00100263543,89681.117987675,999.6470114641234
2024-01-16 16:45:00+00:00,89889.3037292162,89875.1752412677,89778.90525379396,89818.9000370069,611.079711081928
2024-01-16 17:00:00+00:00,89931.75815263878,90083.90482798085,89975.33930333881,90006.23374944573,998.4512852822486
2024-01-16 17:15:00+00:00,89840.87925891468,89930.4601964665,89869.23576400203,89907.82758436979,337.7241268910792
2024-01-16 17:30:00+00:00,90362.5227751542,90426.61585612358,90272.57415337373,90340.04051955428,635.1716968613067
2024-01-16 17:45:00+00:00,90629.29616156916,90813.45117876856,90559.82947677263,90589.04364279365,832.6316587459866
2024-01-16 18:00:00+00:00,90471.43610112295,90750.42660785724,90480.14806873427,90522.01568076157,695.1735359922528
2024-01-16 18:15:00+00:00,90257.3329806517,90502.909167398,90276.3813793505,90409.98149380753,796.3834803873754
2024-01-16 18:30:00+00:00,90345.34730935791,90488.05813200888,90389.3264107418,90399.48216339744,448.8887991837551
2024-01-16 18:45:00+00:00,90319.2996676792,90398.41569971917,90148.47524968235,90318.46968237065,249.20795252609318
2024-01-16 19:00:00+00:00,90194.8867531111,90332.35447200331,90170.96786504927,90211.05284508849,108.68351005662896
2024-01-16 19:15:00+00:00,90219.94489787477,90150.89309580303,90050.20648318832,90137.45625430964,519.305725251937
2024-01-16 19:30:00+00:00,90229.63936442355,90375.87544813266,90305.64444456252,90307.99648181221,848.3992790845405
2024-01-16 19:45:00+00:00,90244.76080746598,90331.97096938708,90213.80535742556,90260.29280433178,451.1432462282626
2024-01-16 20:00:00+00:00,90339.22859668823,90326.48961259189,90133.2823055867,90297.15394201373,307.1247990598457
2024-01-16 20:15:00+00:00,90125.9900526104,90184.54799910831,89965.6473612672,90110.84140747465,297.2119435716205
2024-01-16 20:30:00+00:00,90309.61707835575,90364.46056657837,90275.3047446655,90308.43370098807,350.2173515081646
2024-01-16 20:45:00+00:00,90590.48306548822,90623.54282188619,90588.30469664358,90598.57295348839,851.3756470786211
2024-01-16 21:00:00+00:00,90633.77358878459,90606.53462322048,90468.03415419292,90551.87402783577,237.9620670673575
2024-01-16 21:15:00+00:00,90652.39653508061,90752.28005562931,90633.47223227643,90649.587100833,943.3607943132024
2024-01-16 21:30:00+00:00,90806.20088448135,90908.0114291537,90773.51792024232,90844.90718827321,918.8213561824147
2024-01-16 21:45:00+00:00,90881.40242176935,91034.86218074629,90884.9949092152,90962.81978400047,931.8011683283996
2024-01-16 22:00:00+00:00,90948.56674632603,91190.8533014203,90987.04179426572,91031.9548195407,878.1319958682277
2024-01-16 22:15:00+00:00,91159.22147555689,91243.85440456813,90964.40882311511,91134.06686152164,596.1566882843554
2024-01-16 22:30:00+00:00,90800.69133775003,91015.9419476146,90727.97837153538,90821.90358327549,384.49127893113615
2024-01-16 22:45:00+00:00,91020.43800199617,91163.11411219832,90949.70450268289,90974.42175597616,127.5913487794776
2024-01-16 23:00:00+00:00,91079.49090988416,91085.0821789208,90919.74659066241,91053.43846915007,302.84526276008376
2024-01-16 23:15:00+00:00,90856.5948571634,90961.35652644002,90801.943397581,90864.85731729175,301.7458844958497
2024-01-16 23:30:00+00:00,90976.69316449291,90953.03917910944,90905.14994917667,90944.284418561,664.3075421853526
2024-01-16 23:45:00+00:00,90638.02774968119,90660.94702684067,90528.69650574781,90611.99625967408,655.0631329417183
2024-01-17 00:00:00+00:00,90790.55953326647,90873.82437861428,90709.86131769925,90800.7479555884,512.0791145331395
2024-01-17 00:15:00+00:00,90833.35725198493,90857.51874429347,90622.50431457695,90804.66299362527,446.1579424142675
2024-01-17 00:30:00+00:00,90633.19191377237,90820.79877463289,90628.03501790728,90697.84135912,737.0006047277964
2024-01-17 00:45:00+00:00,90571.5077696563,90615.21850987471,90479.3439844631,90584.89139278328,898.7349601124743
2024-01-17 01:00:00+00:00,90789.20352771872,90870.82266998304,90687.50350310939,90750.6909328115,196.29070243407762
2024-01-17 01:15:00+00:00,91083.86559083365,90994.73068637047,90891.6914132631,90989.50823371038,250.2961514665826
2024-01-17 01:30:00+00:00,90822.5295171335,90821.14865656836,90609.98170599829,90714.78058191255,156.4299318245114
2024-01-17 01:45:00+00:00,90816.44458483365,90911.56020645793,90767.39995971082,90802.39139224263,186.8757118266414
2024-01-17 02:00:00+00:00,91092.08519736567,91084.70634175342,90961.05179800237,90974.33639638385,399.89501062131984
2024-01-17 02:15:00+00:00,91051.3462652252,91164.2197444349,90959.449636816,91051.42658980958,186.48609747681397
2024-01-17 02:30:00+00:00,91077.00612258469,91178.38128954745,90944.47245135102,91101.99069318963,592.6564799747114
2024-01-17 02:45:00+00:00,91145.91272855568,91181.42277025511,90969.90253722448,91124.35456391322,448.3622140961677
2024-01-17 03:00:00+00:00,91500.54114565211,91601.41728048785,91343.99218983426,91345.00988816658,498.7215321940568
2024-01-17 03:15:00+00:00,91500.55748998818,91588.49029253211,91481.79026249533,91499.75362045314,791.3634255587548
2024-01-17 03:30:00+00:00,91698.56477783549,91769.05907837406,91624.539230231,91673.64378712406,606.8799935061534
2024-01-17 03:45:00+00:00,91520.63102400524,91710.40602972668,91525.6347688288,91560.5521819035,456.4460721531677
2024-01-17 04:00:00+00:00,91716.55828556318,91773.53349410255,91663.6689727003,91693.81393291487,173.8217712849499
2024-01-17 04:15:00+00:00,91517.32026988032,91582.99529525646,91430.19492560317,91557.36354281711,486.89235220338867
2024-01-17 04:30:00+00:00,91570.11340210018,91664.75280397985,91526.32846584919,91598.66282680222,703.5580490265139
2024-01-17 04:45:00+00:00,91562.73524672497,91665.00520575726,91449.34185350456,91620.5961996195,245.67955927078413
2024-01-17 05:00:00+00:00,91733.97670936809,91702.31593650716,91602.75544259892,91699.65950564599,190.90790663772174
2024-01-17 05:15:00+00:00,91947.27228560658,92000.71595669803,91967.46496194974,91973.86039508462,256.7404109268892
2024-01-17 05:30:00+00:00,91797.58988162004,91939.31486680316,91802.01182622531,91924.97997546093,135.12774836480494
2024-01-17 05:45:00+00:00,92265.84688535627,92403.18073372553,92265.41795757524,92362.68225037196,948.6735866497669
2024-01-17 06:00:00+00:00,92284.2881527671,92366.64559247553,92124.65279724202,92305.26920171511,739.6280698616633
2024-01-17 06:15:00+00:00,92082.54826263456,92224.63382666332,92155.47437193168,92164.39064737482,499.7257730355106
2024-01-17 06:30:00+00:00,92379.57069750821,92354.5143652517,92250.95120425678,92295.19196883123,389.7199461737493
2024-01-17 06:45:00+00:00,92590.91663170226,92568.28178270161,92515.72062202968,92546.93889396651,339.1405467272481
2024-01-17 07:00:00+00:00,92793.70037207911,92872.14835754267,92793.38901472236,92796.32258331182,121.13223874421794
2024-01-17 07:15:00+00:00,92667.38343115246,92731.02388501202,92687.2402347324,92702.73506248594,558.623306679272
2024-01-17 07:30:00+00:00,92774.69897887667,92943.41561821636,92755.65601930888,92760.09431728958,142.56259344868675
2024-01-17 07:45:00+00:00,92826.56842270473,92799.9052827428,92745.3848325557,92791.4279611431,808.0696835128751
2024-01-17 08:00:00+00:00,93007.25881358697,93062.97706612898,92959.03477191337,92981.03151488346,332.04082883366834
2024-01-17 08:15:00+00:00,93220.8919545932,93206.67472814796,93026.51223870945,93161.3383137461,643.8356002188406
2024-01-17 08:30:00+00:00,93121.69328214986,93250.8514191998,93029.57798702008,93200.93783899378,993.1876489289815
2024-01-17 08:45:00+00:00,93318.28052945093,93325.68366752492,93086.88050895403,93319.07330594507,554.1276984553024
2024-01-17 09:00:00+00:00,93395.71218877085,93445.28731165457,93307.69182976236,93387.35933661718,623.1935549744807
2024-01-17 09:15:00+00:00,93483.29320035824,93532.91023896882,93485.05945875474,93501.49127802622,806.3208477384652
2024-01-17 09:30:00+00:00,93381.59280420149,93428.16074552455,93297.78789084224,93403.26659408865,240.8263860508415
2024-01-17 09:45:00+00:00,93710.96553831326,93646.1934059413,93566.0261524331,93644.69517660275,281.99169600719847
2024-01-17 10:00:00+00:00,93784.91467357652,93846.28556143511,93767.87482766378,93789.04847348752,993.6876596823225
2024-01-17 10:15:00+00:00,93804.48850759356,93743.68337644973,93659.04398144448,93707.13050349867,384.43335857239856
2024-01-17 10:30:00+00:00,93650.6716611641,93613.24654432618,93455.86971924533,93561.97836137887,700.2835981353898
2024-01-17 10:45:00+00:00,93316.13565686006,93488.9880486965,93178.88813156837,93322.38624746521,318.1151358406786
2024-01-17 11:00:00+00:00,92923.70387696082,92939.58695039412,92791.56973903654,92853.35829764477,758.6358693160346
2024-01-17 11:15:00+00:00,92852.1603943175,93013.82851967856,92843.124106577,92980.87128257203,388.4645027026231
2024-01-17 11:30:00+00:00,92828.14361455577,92882.43795123509,92821.41781489883,92857.75492798268,804.3280082705107
2024-01-17 11:45:00+00:00,92960.82147140741,93047.45679674186,92943.09555547412,92995.24348099151,350.95637563098296
2024-01-17 12:00:00+00:00,93429.0754808342,93446.36155205821,93369.6438513755,93415.79077441045,889.8333734998574
2024-01-17 12:15:00+00:00,93600.04631365614,93712.74632041047,93612.52733399747,93637.54127552021,952.9286317588375
2024-01-17 12:30:00+00:00,93268.95415661721,93361.43753689544,93228.08465063671,93360.85886450755,959.2900492178285
2024-01-17 12:45:00+00:00,93336.41141159856,93382.74398967062,93238.05859396358,93363.7747523471,106.18629407603818
2024-01-17 13:00:00+00:00,93359.0693791571,93440.06035099094,93252.96274857523,93362.50806119428,863.5837093341731
2024-01-17 13:15:00+00:00,93237.4554265224,93320.37801865634,93179.05660731136,93218.59758905946,456.2255631231121
2024-01-17 13:30:00+00:00,93334.86508090972,93395.34956504853,93315.9164256433,93369.458912756,582.3626630315932
2024-01-17 13:45:00+00:00,93412.20729581571,93467.38069206687,93294.03380786224,93355.07278908641,764.7121694869007
2024-01-17 14:00:00+00:00,92951.79258853926,93060.11649348371,93002.0705476391,93055.37261508302,246.46707540303333
2024-01-17 14:15:00+00:00,93190.66203671024,93224.0603482374,93165.13769466818,93165.90759510061,872.4184568774762
2024-01-17 14:30:00+00:00,92614.67181712703,92809.15813316252,92749.65312110577,92763.02162609293,785.4835554632942
2024-01-17 14:45:00+00:00,93051.00197333586,93024.68674865126,92926.38959271579,92959.75456252828,290.96840857590627
2024-01-17 15:00:00+00:00,93202.55794891725,93177.8907331868,93116.87591219798,93164.00534207375,371.19356019702724
2024-01-17 15:15:00+00:00,93087.83356309334,93265.81043092799,93191.11776546763,93205.70161091062,909.4572204462014
2024-01-17 15:30:00+00:00,93149.67658583216,93226.13431946588,93069.39474430245,93094.16225408322,697.9817128160663
2024-01-17 15:45:00+00:00,93122.41871476825,93224.04077780897,93119.51865984668,93166.86388222585,405.86036242751004
2024-01-17 16:00:00+00:00,93075.46470848915,93052.77466151983,92950.4285054777,93023.3635257458,550.4124100629872
2024-01-17 16:15:00+00:00,93345.38954187515,93328.05775218223,93218.38778546781,93311.36568132817,643.9215651128985
2024-01-17 16:30:00+00:00,93486.39287272342,93523.06640001183,93357.8102033744,93422.47048430722,671.5813128792855
2024-01-17 16:45:00+00:00,93390.03508994874,93389.54852441112,93221.69278030386,93283.34359848288,820.7406204430298
2024-01-17 17:00:00+00:00,93193.25991762725,93265.14972610095,93239.78881198626,93252.97305512326,147.17886169981523
2024-01-17 17:15:00+00:00,93910.55049516755,93902.37145167477,93831.31873633259,93870.00565129322,998.6459605662532
2024-01-17 17:30:00+00:00,93835.58099213612,93950.61826595207,93856.59837263272,93888.58270332556,856.449930956629
2024-01-17 17:45:00+00:00,93847.67632270826,93840.98339217846,93806.86412886714,93836.33933705739,799.7401739662166
2024-01-17 18:00:00+00:00,94059.5500580999,94079.97055165352,94027.80302831646,94045.07753749532,646.1034733947674
2024-01-17 18:15:00+00:00,93924.78187667955,93957.85807927267,93826.87153841087,93944.79809817483,557.4477439345169
2024-01-17 18:30:00+00:00,93830.68767449398,93881.68451544507,93745.61002914296,93853.60204453769,364.46527429261096
2024-01-17 18:45:00+00:00,93909.81463137774,94054.41220018038,93957.30741852707,94018.39293196455,713.9295555197272
2024-01-17 19:00:00+00:00,93885.89813792473,93993.25915710533,93863.73777770456,93892.77318715441,602.6529064919166
2024-01-17 19:15:00+00:00,93722.4757859518,93692.36307723745,93562.63307311942,93668.25754231359,428.7330481592513
2024-01-17 19:30:00+00:00,93808.35755138283,93846.7618473543,93700.0295539202,93825.29660689819,537.9401869342105
2024-01-17 19:45:00+00:00,94065.7158643367,93994.89347924091,93953.1182054577,93985.48384396422,258.0347036053628
2024-01-17 20:00:00+00:00,93593.17991140588,93613.5820037777,93504.5069977026,93571.69905788664,208.0382774651607
2024-01-17 20:15:00+00:00,93477.07313467153,93493.3638159141,93296.90071912251,93439.05739362299,248.07281693986837
2024-01-17 20:30:00+00:00,93386.14224935131,93509.87687488414,93373.61689030094,93413.47092117503,899.2975053021968
2024-01-17 20:45:00+00:00,93486.28791354896,93552.43211787919,93478.50313350568,93492.70179824014,622.2437467058147
2024-01-17 21:00:00+00:00,93702.64596778268,93720.53876443622,93619.13375463159,93712.11863520724,290.5949732856533
2024-01-17 21:15:00+00:00,93752.41838222086,93843.17477028919,93628.91689983242,93747.07044560328,184.05843677253796
2024-01-17 21:30:00+00:00,93723.98272235619,93790.84945438358,93662.49364405933,93789.02221968025,713.875715250354
2024-01-17 21:45:00+00:00,93659.95449640317,93674.67862767787,93569.49642411628,93608.70268721752,277.5288463957903
2024-01-17 22:00:00+00:00,93474.79774047501,93489.73965809104,93465.58137910435,93471.25432206636,523.4386609778753
2024-01-17 22:15:00+00:00,93736.93823066505,93719.98461848879,93542.58939899673,93658.08083345077,173.86416916664078
2024-01-17 22:30:00+00:00,93504.50127222457,93486.35076021001,93328.18067742258,93470.86064557906,804.4782992091324
2024-01-17 22:45:00+00:00,93626.76620496338,93657.47596346795,93500.09043741056,93608.1524485136,676.2350754816911
2024-01-17 23:00:00+00:00,93518.35478277988,93530.45838047875,93404.94196571552,93455.64488958355,261.3120919694014
2024-01-17 23:15:00+00:00,93276.74628947477,93417.63427011625,93131.76635399809,93232.09170479367,181.74026190966129
2024-01-17 23:30:00+00:00,93137.00501836797,93316.90608157894,93131.66517264883,93170.1666860387,442.1220444090703
2024-01-17 23:45:00+00:00,93453.8650617292,93503.95184753006,93333.33627477677,93386.47071153871,219.26427939067105
2024-01-18 00:00:00+00:00,92865.38914336926,93058.60940019679,92923.96443028396,93002.58583518356,290.2143398826672
2024-01-18 00:15:00+00:00,93068.56484139455,93290.2146590091,93006.41246828042,93072.10473250676,883.9017645962892
2024-01-18 00:30:00+00:00,93159.69565500386,93237.2963353376,92945.52204536549,93131.29738720327,850.5893749646514
2024-01-18 00:45:00+00:00,93382.76100619594,93483.43960563517,93284.76656460941,93350.58896677983,208.88403691710437
2024-01-18 01:00:00+00:00,93401.87746552768,93467.59291106554,93340.15885740586,93382.21591731808,561.6864693048205
2024-01-18 01:15:00+00:00,93401.15863327571,93509.35188742787,93400.34318197703,93488.1063471602,154.12866689294304
2024-01-18 01:30:00+00:00,93167.01563191856,93264.88677219028,93142.50573695925,93221.33850209432,106.19166829843488
2024-01-18 01:45:00+00:00,93107.44104637104,93153.93585022386,93058.0018314336,93067.53129411911,566.8060980263864
2024-01-18 02:00:00+00:00,93001.81670192149,92963.22068459644,92855.43820978982,92962.77150617196,946.8521733035724
2024-01-18 02:15:00+00:00,92640.75697166445,92561.8049357222,92543.09196565661,92559.43387062912,871.6481371721266
2024-01-18 02:30:00+00:00,92820.38758305903,93040.83322769302,92757.24360728671,92794.23941291594,417.4064567849834
2024-01-18 02:45:00+00:00,92692.50986916761,92844.50607511641,92607.47670450932,92678.33148345776,852.2196345804252
2024-01-18 03:00:00+00:00,92746.25859813385,92915.73187598807,92773.89331067631,92834.37369958733,964.196931004888
2024-01-18 03:15:00+00:00,92648.82652827978,92694.39486102603,92543.05649008235,92667.04897335194,826.8911101317949
2024-01-18 03:30:00+00:00,92614.56508323064,92609.311137171,92385.51504251006,92550.05381992353,532.2435069609546
2024-01-18 03:45:00+00:00,92696.41821864097,92696.09089851766,92672.72734137527,92679.03147020961,431.096812635631
2024-01-18 04:00:00+00:00,92881.4322739548,92926.59406050539,92684.8700795368,92797.05813339888,942.610309799757
2024-01-18 04:15:00+00:00,92537.27513794256,92567.63422210423,92490.87377689233,92559.94483640871,116.00557886906162
2024-01-18 04:30:00+00:00,92572.36888988278,92624.7524647687,92364.06698437707,92604.2151328914,938.1984770069274
2024-01-18 04:45:00+00:00,92577.66949293633,92748.23877407392,92550.26179021772,92610.78784000858,242.31183926389014
2024-01-18 05:00:00+00:00,92609.94792890301,92688.95414370832,92582.61444446899,92611.66340462393,630.384053653241
2024-01-18 05:15:00+00:00,92652.8238682937,92757.97458142447,92661.61426251632,92692.81815867174,926.4981831137364
2024-01-18 05:30:00+00:00,93036.74946391341,93123.73741155399,92926.46324958053,93004.93606716015,660.1499242182696
2024-01-18 05:45:00+00:00,92883.09738748315,93115.02029561353,92768.32385806012,92894.26291923862,752.1339092466256
2024-01-18 06:00:00+00:00,93235.51268813582,93209.0882856865,93160.14802678698,93208.23408521462,698.313079172807
2024-01-18 06:15:00+00:00,93293.0117856832,93355.26028818048,93231.0151918127,93301.57069253243,106.2042444403975
2024-01-18 06:30:00+00:00,93204.9056003352,93341.45354734313,93136.6079226109,93200.5211484509,321.6146015879415
2024-01-18 06:45:00+00:00,93098.28211672926,93171.53537693984,93022.59058647952,93090.1211915375,368.48188454527383
2024-01-18 07:00:00+00:00,93002.75555863018,93302.4692187049,92981.49441378882,93004.00504652105,125.55173202723546
2024-01-18 07:15:00+00:00,92883.96552233507,92986.55851927925,92858.38629677791,92935.30294869459,568.6356022647758
2024-01-18 07:30:00+00:00,92749.0333625096,92778.82503424486,92689.79617046828,92778.74997692519,223.76685015140436
2024-01-18 07:45:00+00:00,92713.1670752042,92832.053164295,92677.4392926738,92730.76735680485,384.79620578104385
2024-01-18 08:00:00+00:00,92918.88335026844,92926.99754556525,92776.35511350616,92857.21941442168,310.172095511993
2024-01-18 08:15:00+00:00,92867.52081668667,93031.19638888071,92815.6082513341,92896.63791904539,563.4397424973868
2024-01-18 08:30:00+00:00,93234.50841298433,93322.30105512125,93064.8305891544,93212.80269811113,483.92519219870553
2024-01-18 08:45:00+00:00,93226.17078194604,93326.63338744563,93188.47765961556,93288.20611111436,535.9983763222587
2024-01-18 09:00:00+00:00,93439.48558957357,93628.47753615335,93402.99855723747,93480.34769176917,187.7732737620318
2024-01-18 09:15:00+00:00,93178.84404415166,93171.04341078967,93137.12295877666,93146.27440595774,859.5169939682236
2024-01-18 09:30:00+00:00,93359.445847584,93535.54124105474,93147.36001087971,93349.77591695856,938.3741599733193
2024-01-18 09:45:00+00:00,93508.52580776518,93566.52069742106,93327.66545951852,93470.76271499775,576.860553725927
2024-01-18 10:00:00+00:00,93766.42936507222,93822.24651070822,93742.05467525248,93749.24104351102,167.65074957928618
2024-01-18 10:15:00+00:00,93809.16794921865,94164.68527140639,93885.2641831908,93931.22656518948,462.691438767985
2024-01-18 10:30:00+00:00,94187.41347660485,94153.23692727073,93954.04588200859,94051.8814998326,744.2937713130601
2024-01-18 10:45:00+00:00,94188.0969579858,94311.85505430093,94138.81060377814,94178.11892165033,559.2640146839952
2024-01-18 11:00:00+00:00,94172.99142546415,94291.15628999734,93977.25323822229,94146.52884068206,307.8955294498285
2024-01-18 11:15:00+00:00,94260.98658508075,94436.31014227115,94212.78794476361,94239.29516631263,144.1570861474284
2024-01-18 11:30:00+00:00,94127.37121929112,94253.53562078076,94063.88311515927,94123.89823025184,112.34999863602295
2024-01-18 11:45:00+00:00,93967.32936615389,94008.24444836688,93794.06504622778,93907.45871768647,446.529313827338
2024-01-18 12:00:00+00:00,94274.87106698903,94275.74065150798,94093.3162313995,94262.98682051135,426.45188127261076
2024-01-18 12:15:00+00:00,94250.25820386068,94216.37736657844,94162.19307482813,94209.19170279124,527.7890930444755
2024-01-18 12:30:00+00:00,94049.72933786444,94188.89542812998,94123.19276116329,94164.09943266612,881.648880522783
2024-01-18 12:45:00+00:00,94192.6747327349,94204.56528603732,94011.48832350773,94095.31381676953,753.579606392252
2024-01-18 13:00:00+00:00,94118.58401389868,93984.23120047302,93826.97471635837,93953.45021800601,564.244544070824
2024-01-18 13:15:00+00:00,94040.42136192774,94017.94007578547,94005.08322041687,94005.77855449793,938.399560011693
2024-01-18 13:30:00+00:00,94122.34721173526,94163.58843265819,93964.70307171176,94069.21843922292,489.7842572056038
2024-01-18 13:45:00+00:00,94168.86103489413,94282.85480824157,94163.53108531142,94227.91261882328,720.0681692416956
2024-01-18 14:00:00+00:00,94191.66105058716,94317.49990379158,94237.79309830451,94293.7651207521,419.12658821791223
2024-01-18 14:15:00+00:00,93850.80695455981,93993.30174481875,93933.43038341276,93948.99337384404,293.97740494963546
2024-01-18 14:30:00+00:00,94116.18267240285,94367.3372595541,94112.87063389579,94116.92714981182,455.9447296864152
2024-01-18 14:45:00+00:00,93912.95856622334,93953.46518023258,93844.4629145974,93846.69488938026,774.5641144190425
2024-01-18 15:00:00+00:00,94095.21213602326,94156.58596193248,94084.64082209696,94126.72136730178,123.45051370714197
2024-01-18 15:15:00+00:00,94332.87414571596,94377.59801960192,94334.20520885881,94368.68447932063,135.61992496232747
2024-01-18 15:30:00+00:00,94167.35730769335,94257.26116530864,94100.08442182315,94154.16999700804,494.52698005724886
2024-01-18 15:45:00+00:00,94623.77978476632,94623.26745126252,94435.14223644682,94576.08438421601,544.8649095746028
2024-01-18 16:00:00+00:00,94641.03569009584,94581.98060207006,94492.11579478583,94563.46479623842,367.078233900473
2024-01-18 16:15:00+00:00,94405.03565138787,94594.87968972303,94339.72117820673,94446.85157367779,994.9670222592193
2024-01-18 16:30:00+00:00,94471.9874577722,94444.0413082495,94294.40490562153,94381.92208117219,700.9253457694916
2024-01-18 16:45:00+00:00,94494.02195718478,94633.9783241795,94434.73944608234,94520.30139736547,777.9208156642188
2024-01-18 17:00:00+00:00,94410.57092701284,94611.8232573016,94460.43519226741,94469.1818685419,376.7507855485319
2024-01-18 17:15:00+00:00,94163.72541680103,94282.94517265503,94066.7221844396,94124.79300693779,307.4315011137535
2024-01-18 17:30:00+00:00,93947.04636298405,94068.89276173747,93871.9803664704,93957.4917622307,414.1647871411793
2024-01-18 17:45:00+00:00,93781.11559137037,93783.94098619968,93683.30320905126,93770.91961608714,213.20447623993192
2024-01-18 18:00:00+00:00,93789.77311552058,93917.09179628333,93697.66374761457,93786.8107041778,377.1015801730261
2024-01-18 18:15:00+00:00,93425.11623983557,93424.97949037852,93182.51035001062,93380.20235443635,232.407226561248
2024-01-18 18:30:00+00:00,93839.53921884355,93924.4701736012,93840.44140635944,93880.32994924686,184.89277320671954
2024-01-18 18:45:00+00:00,93786.05235097514,93935.11820828957,93871.32532427645,93888.66709420636,457.08722968227653
2024-01-18 19:00:00+00:00,93825.69784823284,93807.36367863641,93772.74197399308,93774.35403792535,259.809217632813
2024-01-18 19:15:00+00:00,93619.05635475506,93659.25355050547,93584.07914170121,93653.48387123302,417.55570548709596
2024-01-18 19:30:00+00:00,93321.08743431974,93527.96082175772,93435.25655729405,93455.06457509243,629.9872275312324
2024-01-18 19:45:00+00:00,93533.1147627215,93627.09301325334,93496.58099070932,93528.81514372345,532.5845668635114
2024-01-18 20:00:00+00:00,93359.35183503033,93521.6589852048,93333.21738485878,93358.76331175579,393.98941603077446
2024-01-18 20:15:00+00:00,93312.2446691882,93407.32170484118,93206.75602399063,93361.73980784418,830.0730423292237
2024-01-18 20:30:00+00:00,93541.20350334383,93767.16707357521,93455.91569943237,93499.34662680731,749.0271259871105
2024-01-18 20:45:00+00:00,93403.10746252963,93616.11089829318,93422.05514110376,93495.54755842812,989.9883843324104
2024-01-18 21:00:00+00:00,93448.73406884189,93578.87937464904,93338.07617155637,93458.76808141939,662.1702900023467
2024-01-18 21:15:00+00:00,93503.33286844828,93598.35391609126,93505.3594433628,93525.02429653452,443.71962961170243
2024-01-18 21:30:00+00:00,93824.15973275033,93874.0288099125,93813.13417885735,93850.06496393475,143.6621793741122
2024-01-18 21:45:00+00:00,93754.30540698768,93738.51931072089,93655.07672350985,93733.44980248228,617.8108577357881
2024-01-18 22:00:00+00:00,93917.07590538253,94003.78802624159,93889.94398149155,93944.00978479096,545.5353729540607
2024-01-18 22:15:00+00:00,94122.54790977326,94154.23203797168,93951.19152604832,93999.07616879273,641.9535560562719
2024-01-18 22:30:00+00:00,93966.74936397644,94105.01461268018,93865.50494391976,93928.17236777527,431.4052846859262
2024-01-18 22:45:00+00:00,93896.46386573512,94019.4705599071,93858.04201154319,93895.92864192273,830.6821598633413
2024-01-18 23:00:00+00:00,93832.16374445912,93899.91072109745,93778.80901968683,93868.22994537432,759.3191087828127
2024-01-18 23:15:00+00:00,93759.72093042893,93711.21121642791,93639.38238068977,93674.64052302434,505.22024483067065
2024-01-18 23:30:00+00:00,93571.47737129281,93648.76991144464,93475.73412866876,93541.525678138,721.9909692600015
2024-01-18 23:45:00+00:00,93500.20303395815,93553.05975634058,93398.29837631067,93540.63964615428,706.3627274344162
2024-01-19 00:00:00+00:00,93423.83969570383,93730.20859263335,93377.89925422978,93552.62701801567,362.5617281513669
2024-01-19 00:15:00+00:00,93486.19697113053,93544.17924441046,93406.76800952334,93449.12673366826,783.3358971137769
2024-01-19 00:30:00+00:00,93301.9844519048,93545.26124106532,93279.72042440335,93315.50453133775,518.8510448026143
2024-01-19 00:45:00+00:00,94052.29771517405,94041.48888677455,93896.86808739134,93943.36258434807,536.2258342288022
2024-01-19 01:00:00+00:00,93771.3215997511,93978.8592334529,93890.11686245813,93901.60300559444,110.22244017386727
2024-01-19 01:15:00+00:00,93673.6677936241,93712.26513566585,93571.9151393739,93621.09150982798,678.6354434381648
2024-01-19 01:30:00+00:00,93520.96098123935,93571.06064558263,93449.1339405937,93462.60560185608,355.49209082728373
2024-01-19 01:45:00+00:00,93357.56338146092,93427.83006545674,93270.65205331754,93394.18692483223,290.5146182089444
2024-01-19 02:00:00+00:00,93109.9519780794,93247.19232739818,93185.0093479584,93189.63330416332,802.7205281054379
2024-01-19 02:15:00+00:00,93135.66285928358,93103.18689521207,93058.63970642837,93081.81749861765,819.0831232177969
2024-01-19 02:30:00+00:00,93028.34319207403,93197.71117152764,92959.05472103275,93057.96279306887,110.39727952365489
2024-01-19 02:45:00+00:00,92794.49800003238,92847.2968176702,92751.63608767345,92802.63407463042,174.730111726394
2024-01-19 03:00:00+00:00,92697.94612116196,92700.09916293605,92637.68572186776,92670.64352348464,455.59658243099847
2024-01-19 03:15:00+00:00,92729.68267926636,92675.65221629458,92663.94881853339,92671.90875942426,361.2833777841975
2024-01-19 03:30:00+00:00,92693.24138548676,92865.58174357774,92536.2987463502,92711.30348159718,295.4084596177635
2024-01-19 03:45:00+00:00,92747.18118442214,92870.47441776498,92704.60486978648,92746.92612146103,675.6000825085486
2024-01-19 04:00:00+00:00,92547.50275698805,92588.38046228446,92355.985759877,92508.55531057676,562.2178814127994
2024-01-19 04:15:00+00:00,92599.13027601708,92683.74249522704,92671.96046226856,92680.46454282141,942.4137399752451
2024-01-19 04:30:00+00:00,92680.7417179509,92862.1177632101,92528.76828994819,92700.75088708935,810.254013448218
2024-01-19 04:45:00+00:00,92810.09972012794,92876.47129247358,92630.37159445652,92790.55916240784,333.229955201801
2024-01-19 05:00:00+00:00,92982.91753533827,93047.29596228503,92828.83124667309,92954.59475730863,418.0888945977863
2024-01-19 05:15:00+00:00,92981.98270936558,92986.55473838061,92890.08449908979,92967.85514308605,370.716373330932
2024-01-19 05:30:00+00:00,93109.21078671026,93152.50205656192,93008.67413631936,93093.41316237702,717.3302023573973
2024-01-19 05:45:00+00:00,93118.63395666702,93236.93827028385,92991.78848740843,93070.91492705271,649.7794617080175
2024-01-19 06:00:00+00:00,93365.13543100898,93514.51736506444,93257.12322012718,93366.07779651602,403.8989940229131
2024-01-19 06:15:00+00:00,93487.15242573463,93543.32069427693,93367.62844432099,93485.37710294574,395.44220067211427
2024-01-19 06:30:00+00:00,93182.12970268712,93201.05716643303,93114.63033637701,93142.47407649386,267.6986783427493
2024-01-19 06:45:00+00:00,93062.81623682535,93080.94425860576,93010.16363050046,93016.95710019697,205.04815472553173
2024-01-19 07:00:00+00:00,93206.94106651026,93388.23029395354,93072.57956411855,93219.2781377187,585.090593089662
2024-01-19 07:15:00+00:00,93399.44886207131,93540.1417870933,93412.03501398333,93450.288661467,117.55948886081156
2024-01-19 07:30:00+00:00,93307.12078768987,93237.24031049873,93078.5207966065,93220.96613293135,118.91821314588768
2024-01-19 07:45:00+00:00,93375.60528505295,93472.91388040998,93368.06515112035,93413.46095245316,444.57398156122485
2024-01-19 08:00:00+00:00,93504.44757382138,93584.92702049378,93454.9659520778,93509.78224845328,456.366570620923
2024-01-19 08:15:00+00:00,93974.76504972475,94171.54748435954,93958.3336690324,94009.69248721647,687.9877355396984
2024-01-19 08:30:00+00:00,94291.58238689159,94353.65247873918,94261.90627373171,94275.37966629151,464.70519352667264
2024-01-19 08:45:00+00:00,94277.39899906277,94360.23952010903,94187.85457096362,94255.71671952559,880.3814727786471
2024-01-19 09:00:00+00:00,94163.66944062304,94199.43924497995,94030.6721933283,94175.10921283488,621.483497055991
2024-01-19 09:15:00+00:00,94215.03129579559,94203.34806181352,94049.85048885772,94183.35056902673,604.9944322601123
2024-01-19 09:30:00+00:00,94208.8235864247,94234.93601594998,94023.3192300178,94166.91385089932,551.5916470576617
2024-01-19 09:45:00+00:00,94257.87109657205,94347.76276727552,94233.58491245414,94264.02320775356,337.22419358355904
2024-01-19 10:00:00+00:00,94328.39167179646,94278.72693589173,94150.10989109291,94248.88122459325,276.49766490018203
2024-01-19 10:15:00+00:00,93971.20670935287,94078.66338356247,93958.48334061906,94034.66034092473,159.4434047538197
2024-01-19 10:30:00+00:00,94141.02295166813,94138.07872593391,94040.95295027812,94130.52072020898,295.1977171316217
2024-01-19 10:45:00+00:00,94387.49536646891,94369.4517793088,94266.65134297153,94332.36723691171,908.2542653175233
2024-01-19 11:00:00+00:00,94407.10373587212,94419.74747516302,94350.6096681828,94361.78340184837,893.6296799600042
2024-01-19 11:15:00+00:00,94249.51747945906,94519.28116887137,94188.60476602301,94355.28669934843,930.0956005419341
2024-01-19 11:30:00+00:00,94300.98365027667,94229.66824400866,94183.87651126896,94224.50507342508,534.625954479339
2024-01-19 11:45:00+00:00,94545.97758041359,94536.02787265899,94406.43743299897,94478.97402579543,613.3092283253916
2024-01-19 12:00:00+00:00,94447.86460293974,94286.67852958755,94031.0795868834,94281.7854929452,364.95308314785296
2024-01-19 12:15:00+00:00,94031.9987728531,94220.45500418983,93946.44874771169,94126.7536381568,796.4291386238167
2024-01-19 12:30:00+00:00,93824.08182693196,94007.33452683518,93670.1971548068,93852.7973172099,551.2569357730611
2024-01-19 12:45:00+00:00,93642.87009216647,93734.9861282443,93501.97550884238,93655.18539137252,921.8305502488817
2024-01-19 13:00:00+00:00,93742.97134654383,93882.22357723425,93758.43886323468,93767.24682685282,158.0549033676363
2024-01-19 13:15:00+00:00,93391.20184268944,93480.0203360367,93219.62877071125,93348.43148325573,189.67077289584375
2024-01-19 13:30:00+00:00,93332.90827308362,93312.01848952906,93135.86555633036,93222.75790035482,455.3246570667429
2024-01-19 13:45:00+00:00,93535.57092751439,93382.82870095655,93299.29085842776,93368.4326792415,233.77309252423535
2024-01-19 14:00:00+00:00,93156.56461428457,93310.11119331408,93166.24742742696,93252.53587616592,134.93188609378686
2024-01-19 14:15:00+00:00,93392.00292331827,93397.93831213881,93344.78600841631,93387.51798482642,110.64656734927516
2024-01-19 14:30:00+00:00,93273.47016786267,93275.10311866022,93061.41756025904,93158.3791346607,973.400459907036
2024-01-19 14:45:00+00:00,93460.49470595023,93536.5785351363,93498.07925090124,93519.72878284357,224.16706961003632
2024-01-19 15:00:00+00:00,93571.62822669464,93663.05809117571,93619.94559108054,93650.08676684632,970.6378146833135
2024-01-19 15:15:00+00:00,93810.23114445727,93932.78113057445,93641.11103135518,93878.29927257128,531.4324577866503
2024-01-19 15:30:00+00:00,94137.40854458604,94142.97925677833,94049.74620023608,94076.19048426938,373.3219540704993
2024-01-19 15:45:00+00:00,93962.92624700213,93997.19655276572,93961.87038488947,93992.34998531493,954.3922075652703
2024-01-19 16:00:00+00:00,94134.85892020164,94125.99401983398,94101.31900387835,94113.69312725817,144.31066473012385
2024-01-19 16:15:00+00:00,93816.02611926317,94053.17104809555,93904.49085227438,93958.05777000311,457.41833152486737
2024-01-19 16:30:00+00:00,94022.67284462664,94158.31966520303,94006.46931248235,94081.57877113264,881.902201749129
2024-01-19 16:45:00+00:00,93582.9043579478,93632.63376863408,93527.60707532942,93602.13399347453,639.0985571512747
2024-01-19 17:00:00+00:00,93558.63467923594,93598.37707795242,93554.16776074193,93574.19088494073,922.0451469822225
2024-01-19 17:15:00+00:00,93058.6963182237,93202.74942340555,93118.96739953243,93119.83175721853,624.4395936242715
2024-01-19 17:30:00+00:00,93184.67158425906,93219.53736871509,93129.58499095347,93176.84629938859,941.0360375667452
2024-01-19 17:45:00+00:00,93288.05987275927,93619.1655265208,93244.6699593774,93296.49058124181,802.4775910127881
2024-01-19 18:00:00+00:00,93361.95453073946,93503.27256754879,93386.91029241378,93412.62325616156,170.99070165272917
2024-01-19 18:15:00+00:00,93455.31146780711,93788.09647028877,93517.73835971547,93536.74814957472,400.6272025865733
2024-01-19 18:30:00+00:00,93527.02019540596,93631.68601066456,93450.34892511816,93544.57004662525,230.12939695985676
2024-01-19 18:45:00+00:00,93799.32592070126,93815.17305147943,93541.01668429174,93765.18404491962,932.8087736890401
2024-01-19 19:00:00+00:00,93973.03120959633,93938.20238080411,93910.22753548261,93911.40999340534,200.01897656780739
2024-01-19 19:15:00+00:00,93968.0987543154,94111.99500245461,93912.72886434634,94022.7726828906,621.8550616570366
2024-01-19 19:30:00+00:00,94095.51048426972,94258.00153247478,93834.62739032519,94022.01079207574,549.1648129976882
2024-01-19 19:45:00+00:00,94042.81219640157,94106.39147362001,93954.71838027299,94054.98113525822,971.0438799363526
2024-01-19 20:00:00+00:00,94081.35588565112,94056.95344732274,93897.68087249585,94001.44974854434,464.02158884314764
2024-01-19 20:15:00+00:00,93683.74403762088,93711.97379180854,93676.3532287669,93707.7769446266,850.941656398854
2024-01-19 20:30:00+00:00,93771.02265033775,93832.60478801283,93620.51216399201,93799.76518619031,241.39276501336818
2024-01-19 20:45:00+00:00,94120.88820821924,94300.08535778552,94058.44134529756,94080.18069673103,397.0040047909374
2024-01-19 21:00:00+00:00,94196.48755010172,94167.59224331198,93846.2141542166,94130.69922737443,458.64521857544446
2024-01-19 21:15:00+00:00,93950.0114989327,94210.76092680753,93970.01787147585,94075.63593185518,778.9283015244903
2024-01-19 21:30:00+00:00,94125.64840035126,94110.00323561461,93866.46479686553,94037.580756739,250.20399799073465
2024-01-19 21:45:00+00:00,94053.67653442349,94025.76633421319,93735.48626300207,93955.1813924353,428.5536073881557
2024-01-19 22:00:00+00:00,93838.85952746592,93942.20700250941,93861.64635492256,93897.80179907817,786.7045185781302
2024-01-19 22:15:00+00:00,94264.0023807325,94450.14244353327,94264.71158151311,94351.18305524577,738.7199965429425
2024-01-19 22:30:00+00:00,94207.94971155115,94254.51107839077,93982.0723100407,94151.09136851707,519.2854311437601
2024-01-19 22:45:00+00:00,94280.45405256616,94261.9116018277,94174.70807548403,94238.73592602335,673.8313732009019
2024-01-19 23:00:00+00:00,94174.32637272832,94263.78591787811,94129.6927358168,94184.5366289329,276.3934071425474
2024-01-19 23:15:00+00:00,94076.25052327658,94212.64668558462,94056.97564485551,94142.90200641328,707.518200291235
2024-01-19 23:30:00+00:00,94121.11536002847,94217.656403574,94176.08966764183,94189.5210241335,498.1391791477615
2024-01-19 23:45:00+00:00,94271.27732239389,94282.89172418213,94061.40204739994,94268.7340643361,930.1830765164287
2024-01-20 00:00:00+00:00,94601.26669419571,94760.30931434633,94610.3112030826,94751.50393130942,682.7491221805709
2024-01-20 00:15:00+00:00,95078.51652330277,95084.44942275743,95029.06670335843,95051.70687705271,703.3087843111815
2024-01-20 00:30:00+00:00,95334.44327679009,95367.3231285077,95243.87549880504,95335.6229810088,882.0911882015673
2024-01-20 00:45:00+00:00,95393.85564787286,95500.66526691466,95366.83317582612,95470.44027601213,256.3057748858106
2024-01-20 01:00:00+00:00,95299.84159315619,95257.48234636708,95115.37235568668,95236.4338098795,976.3978778407692
2024-01-20 01:15:00+00:00,95196.17458034311,95407.10189896767,95143.49280517465,95196.99422603246,490.7655876637242
2024-01-20 01:30:00+00:00,94951.31396939074,95209.87591922702,94981.64456805671,95036.49472825546,535.8084668600433
2024-01-20 01:45:00+00:00,94990.71993298156,94995.81781520207,94875.4694778012,94905.83907943334,941.6052772509126
2024-01-20 02:00:00+00:00,94792.9889402097,94744.27582104165,94656.02733670981,94727.3124123421,743.2455181186173
2024-01-20 02:15:00+00:00,94629.33386471999,94621.7296769401,94439.64115288948,94560.37197759807,409.5011811824056
2024-01-20 02:30:00+00:00,94816.22662566535,94969.20571065521,94644.84288920676,94740.38135849628,401.8173865861464
2024-01-20 02:45:00+00:00,94717.81808360976,94805.67969945866,94723.62876798675,94752.19720012654,628.5180857243008
2024-01-20 03:00:00+00:00,94744.8825607061,94865.99205383936,94593.54769953577,94750.4958025032,293.4048955931226
2024-01-20 03:15:00+00:00,94819.97437392356,94882.24551208346,94788.94965602198,94820.69213903499,908.2594262809436
2024-01-20 03:30:00+00:00,94842.61344077262,94891.0343527108,94820.2570619595,94883.61976195178,940.9209851429841
2024-01-20 03:45:00+00:00,94559.33382790709,94774.87177885389,94452.37048087509,94612.8501195363,962.3642770505955
2024-01-20 04:00:00+00:00,94919.34769760072,94915.23570342507,94808.16925252085,94913.51569165631,244.88833980191615
2024-01-20 04:15:00+00:00,94705.41724441308,94745.62887214946,94579.18359414284,94623.8615288566,627.9419936157376
2024-01-20 04:30:00+00:00,94911.45095002413,94894.5178977048,94764.4975443259,94804.10539435266,590.2736911014633
2024-01-20 04:45:00+00:00,95098.66102589035,95181.766949504,95044.74235128902,95122.3182005991,949.890216208935
2024-01-20 05:00:00+00:00,94775.32912472474,95008.42627177466,94698.87782222523,94808.5759389519,258.0273158634569
2024-01-20 05:15:00+00:00,94688.24836547383,94820.32138953482,94658.2265994299,94701.03755671516,293.22509708257587
2024-01-20 05:30:00+00:00,94875.40866270731,94842.99903024912,94800.37260376847,94838.03942368673,519.7281878084286
2024-01-20 05:45:00+00:00,94503.98063452211,94756.38978176843,94478.9551228362,94596.18286515611,615.4637601191782
2024-01-20 06:00:00+00:00,95129.56737659463,95117.28291969575,95027.89555749985,95043.18205628145,440.02147979073897
2024-01-20 06:15:00+00:00,95225.17567453459,95155.53092649755,95090.82441384922,95131.59922748608,711.5096106051527
2024-01-20 06:30:00+00:00,94770.0659460627,94947.51054834845,94774.48675299234,94907.95284159406,144.81071085035546
2024-01-20 06:45:00+00:00,94605.81974905364,94708.70219485817,94544.0392621731,94646.47171091154,614.8731137339496
2024-01-20 07:00:00+00:00,94659.8029960945,94774.98449545876,94578.34561464709,94633.49609192144,418.6326334036426
2024-01-20 07:15:00+00:00,94492.64061025849,94477.95704567908,94381.85186249773,94453.21939959479,640.9796401761417
2024-01-20 07:30:00+00:00,94569.39939041049,94569.2342022109,94439.60500795608,94555.68184716655,538.3979467363121
2024-01-20 07:45:00+00:00,94939.14142407823,94977.19880904524,94795.21537216372,94938.41060985989,644.4388917640503
2024-01-20 08:00:00+00:00,95282.84278457437,95315.66223379981,95126.82709153807,95142.35442843672,849.8900942330562
2024-01-20 08:15:00+00:00,95008.7215391778,95200.12044897478,95101.88567726752,95136.77650019989,225.52544120951822
2024-01-20 08:30:00+00:00,95231.16163410022,95374.2917669283,95232.25559184901,95276.20601551025,610.1717242559132
2024-01-20 08:45:00+00:00,95403.80251797884,95472.5217419157,95298.26939436868,95419.23160764173,639.0807273863331
2024-01-20 09:00:00+00:00,95110.87972830425,95246.58748785689,95225.39663607812,95239.75887744567,605.0444609489061
2024-01-20 09:15:00+00:00,94967.1988595954,94934.56449529796,94811.4032877392,94897.619442836,460.2386669782909
2024-01-20 09:30:00+00:00,94441.87063346006,94607.17643428264,94439.2590411669,94490.18343047859,299.31359027066924
2024-01-20 09:45:00+00:00,94399.0808385925,94464.13015560665,94269.36537850767,94412.89842027244,905.7348662849046
2024-01-20 10:00:00+00:00,94272.96625760956,94381.06592546128,94175.72558199227,94341.6683285223,899.7466892868416
2024-01-20 10:15:00+00:00,94541.82280125117,94550.8073100899,94473.56613175172,94527.26471548728,421.17082859639055
2024-01-20 10:30:00+00:00,94577.13328761324,94754.80065919072,94548.37090243632,94588.16885631227,624.8848626973145
2024-01-20 10:45:00+00:00,94726.62547769838,94851.68249722329,94660.74689752176,94777.9711438159,703.3970823260935
2024-01-20 11:00:00+00:00,94933.14677846686,95043.03470472524,94842.24325587456,94892.67069433475,363.6261405069751
2024-01-20 11:15:00+00:00,95120.31918133226,95177.92540698822,95098.69013435609,95154.4998000028,243.10507538122212
2024-01-20 11:30:00+00:00,94777.25000477524,94962.58405126419,94682.2899265166,94809.01913016774,443.31533166305667
2024-01-20 11:45:00+00:00,94889.01673837056,95195.40698118118,95038.69170100568,95063.35961700502,827.1764575460256
2024-01-20 12:00:00+00:00,95032.51740707822,95156.48084069398,94950.70065034041,95107.62501030111,919.2498910582137
2024-01-20 12:15:00+00:00,95014.87126879826,95010.84995814311,94945.99115194024,94949.08662913553,565.4634460948255
2024-01-20 12:30:00+00:00,94783.01984466886,94905.02693274456,94729.85438432117,94839.88939159928,548.5804271647851
2024-01-20 12:45:00+00:00,94650.23212198316,94662.0040855311,94542.12608465152,94647.11544887704,737.7476277524843
2024-01-20 13:00:00+00:00,94516.38245334268,94570.18144036901,94441.72537889479,94492.14636977403,484.07296003562095
2024-01-20 13:15:00+00:00,94208.67912455567,94289.52177001873,94126.6196534621,94200.60502639455,859.5988127213047
2024-01-20 13:30:00+00:00,94302.94809218112,94343.85701980224,94242.71558684569,94313.64664861662,138.48329184280394
2024-01-20 13:45:00+00:00,94179.3364351972,94316.92552446287,94166.91640873015,94304.60433180185,681.4713795700796
2024-01-20 14:00:00+00:00,94499.36320146112,94583.36069438516,94230.33656503711,94474.69692857983,563.8551483992933
2024-01-20 14:15:00+00:00,94417.73554362528,94397.07509583682,94368.2012725849,94369.66767292022,110.46329418085128
2024-01-20 14:30:00+00:00,94217.32943033979,94360.17349216832,94122.90187273598,94250.77207455126,683.5426282866041
2024-01-20 14:45:00+00:00,94471.47379327891,94555.03356780598,94352.52248111035,94468.2918763115,963.4675724848212
2024-01-20 15:00:00+00:00,94430.84034099488,94597.1828804262,94452.19776080237,94526.10186638712,529.3042498342331
2024-01-20 15:15:00+00:00,94274.97809477062,94460.071614341,94396.41303634412,94411.04978396709,812.1195631226159
2024-01-20 15:30:00+00:00,94393.58925336626,94529.08520293591,94333.07302667231,94377.53816393249,363.78787331757707
2024-01-20 15:45:00+00:00,94415.28235059917,94498.77148053756,94464.16414039896,94495.64449060691,136.83238773054765
2024-01-20 16:00:00+00:00,94460.24028525496,94589.30197729215,94455.9497888875,94495.14604563297,805.1053990804232
2024-01-20 16:15:00+00:00,94218.29643234567,94375.36514427526,94168.0072103913,94236.24403375185,434.044466451867
2024-01-20 16:30:00+00:00,94113.92781794752,94264.37169079504,94167.57799958081,94222.6746824096,880.1359446995255
2024-01-20 16:45:00+00:00,94265.59267883586,94360.20139199981,94233.47307148484,94234.95218979416,174.120789588307
2024-01-20 17:00:00+00:00,93990.04317747462,94172.10391967518,94025.61704456464,94041.79169094912,344.2173049702136
2024-01-20 17:15:00+00:00,94147.41245741473,94095.05876675976,93949.84187609081,94081.962956016,642.2969586285908
2024-01-20 17:30:00+00:00,93699.46909341315,93890.88616551924,93751.9501599025,93762.20856466163,878.3746516912095
2024-01-20 17:45:00+00:00,93784.55086895078,93795.84656808287,93618.78529735432,93795.58361035977,161.19894986359543
2024-01-20 18:00:00+00:00,93628.45212333217,93533.38509405157,93306.44955850071,93506.09727573901,201.02460401146232
2024-01-20 18:15:00+00:00,93364.99241349217,93496.13998800822,93231.35268407298,93322.39402458892,294.0570746368847
2024-01-20 18:30:00+00:00,93274.13931071304,93511.92857760403,93384.03931073417,93392.21029186122,492.4755858984906
2024-01-20 18:45:00+00:00,93326.71363856913,93435.84977139742,93226.8986169426,93369.31021682333,570.2562534097337
2024-01-20 19:00:00+00:00,93216.88050884317,93348.91060379613,93217.23248860132,93262.68763578,571.1886058486657
2024-01-20 19:15:00+00:00,93135.1790639792,93239.47935126707,93094.01444636451,93202.10761114709,691.2513228422232
2024-01-20 19:30:00+00:00,93080.16455874372,93290.0701589493,93172.5134270312,93177.58637816895,970.3087328381355
2024-01-20 19:45:00+00:00,93082.56781596899,93207.6447603149,93064.83173046859,93149.25722654596,501.5619574403943
2024-01-20 20:00:00+00:00,93183.71495028494,93223.895214043,93071.4800045266,93160.43855125742,212.9739440993698
2024-01-20 20:15:00+00:00,93233.2407355255,93308.65579909182,93114.39078939593,93195.55737473902,855.0932224105741
2024-01-20 20:30:00+00:00,93424.76909313517,93512.78943109476,93247.23289580429,93350.98812226659,854.1492194638915
2024-01-20 20:45:00+00:00,93131.52137619862,93081.05396365326,92988.65698360767,93035.02269712965,580.6554039104418
2024-01-20 21:00:00+00:00,92878.35680677154,92954.87114627464,92867.50577550475,92893.56192598774,882.1573195528864
2024-01-20 21:15:00+00:00,92857.96002368847,92907.74829828735,92733.6216892509,92845.4027004061,634.1393071836569
2024-01-20 21:30:00+00:00,93199.6594059127,93248.95661765814,93038.92525074678,93210.35207992156,646.4138658271135
2024-01-20 21:45:00+00:00,93212.88147774844,93244.40721876892,93124.11881518463,93243.10816659636,822.4117752836577
2024-01-20 22:00:00+00:00,93213.31471337781,93380.75260819106,93192.01957180562,93320.85264745686,490.94189311230167
2024-01-20 22:15:00+00:00,93307.73990793241,93520.63281594968,93164.21601331336,93313.22267934038,616.5451996215268
2024-01-20 22:30:00+00:00,93170.46553503555,93213.11222055981,93167.39786228657,93183.43052554045,464.86192498817934
2024-01-20 22:45:00+00:00,93209.01696178745,93233.12334818071,93114.81984579939,93165.58267619993,182.91309684832436
2024-01-20 23:00:00+00:00,93214.42159319184,93286.80627072102,93235.22666139342,93243.20582627252,332.87360190388074
2024-01-20 23:15:00+00:00,93062.45740095746,93149.30812735105,93042.32056621303,93105.21559608688,176.2012721633135
2024-01-20 23:30:00+00:00,93349.94112992924,93260.25945767025,93122.9407156928,93253.37920444591,329.68239802211974
2024-01-20 23:45:00+00:00,93794.41413497472,93826.76123122538,93671.11392864493,93753.50500004822,438.9529114056187
2024-01-21 00:00:00+00:00,93819.35764283872,93839.43638159975,93762.84235627185,93765.03704602987,120.04808744194922
2024-01-21 00:15:00+00:00,93554.29300098222,93655.4609074203,93614.84620019625,93618.28200334028,358.48659521473934
2024-01-21 00:30:00+00:00,93673.74692786146,93621.22144294236,93480.47565291579,93612.17554678541,353.87082900900896
2024-01-21 00:45:00+00:00,93900.72863382929,94021.31771489684,93809.19824092838,93864.50538249378,266.6865526107107
2024-01-21 01:00:00+00:00,93816.79681189294,93918.91214559588,93876.79809381336,93877.79465535429,662.017765045953
2024-01-21 01:15:00+00:00,93587.2637439376,93780.91241628121,93559.65094380279,93663.10626574526,797.1362663055371
2024-01-21 01:30:00+00:00,93852.32915390733,93826.60152072657,93710.2830002045,93814.77718360454,276.1552798977733
2024-01-21 01:45:00+00:00,94079.3356740323,94252.51088701175,93949.78226734506,94038.93636772664,773.3766465681415
2024-01-21 02:00:00+00:00,93680.456207055,93731.59488832027,93549.93865015643,93660.16784374791,485.9828346522055
2024-01-21 02:15:00+00:00,93820.54933202411,93891.91209339366,93775.44295976435,93782.8686403048,769.410781745822
2024-01-21 02:30:00+00:00,93808.86492934011,93993.42504275356,93866.59487508045,93871.78025087368,695.1274684226516
2024-01-21 02:45:00+00:00,93656.80864599196,93752.94977491083,93621.37324476348,93713.3173277111,735.4535616933834
2024-01-21 03:00:00+00:00,93758.58283741596,93868.24253605952,93853.73599581493,93855.47688005585,169.84070776859483
2024-01-21 03:15:00+00:00,94228.14483641236,94323.91580384067,94180.94675872954,94192.21863535437,740.5364804551472
2024-01-21 03:30:00+00:00,94210.26912503577,94274.79080330503,94208.17835472543,94248.3660272471,663.4874714528594
2024-01-21 03:45:00+00:00,94369.47561050284,94562.3851633069,94311.45890506788,94354.5743507905,683.8822673990942
2024-01-21 04:00:00+00:00,94428.66781250163,94478.69108777963,94364.67059905261,94405.17237949386,522.6721394406891
2024-01-21 04:15:00+00:00,94573.97106360055,94456.73319748296,94445.93667246588,94451.1349955542,676.2630913817203
2024-01-21 04:30:00+00:00,94055.17413035894,94332.02820590246,93972.29360424225,94073.6010351688,748.7768972869584
2024-01-21 04:45:00+00:00,93762.23269370194,93821.11857452917,93770.53320554116,93804.08718402388,351.1081563828817
2024-01-21 05:00:00+00:00,93931.8074285801,93952.77737542464,93857.35762597603,93924.64674579093,421.716471390955
2024-01-21 05:15:00+00:00,93911.01745816502,93955.26056390772,93877.02563618016,93947.4050745269,478.1977823531429
2024-01-21 05:30:00+00:00,93847.25805855785,94067.11144153247,93806.84291334653,93892.67923129142,382.01098762361136
2024-01-21 05:45:00+00:00,94166.72776940318,94182.5097219027,94019.07848255368,94132.49054849267,881.7256130576544
2024-01-21 06:00:00+00:00,94105.89379250281,94129.4628771738,94014.31385492707,94120.74112528216,764.8131531696973
2024-01-21 06:15:00+00:00,94114.50966367505,94243.89688946745,94050.55089615729,94077.51650489059,463.0433928048455
2024-01-21 06:30:00+00:00,94037.45157851517,94077.5217693039,93934.06366712232,93970.34805473697,226.70516373768854
2024-01-21 06:45:00+00:00,93995.87459824483,94232.61952103284,94112.05921961406,94138.84754804971,847.2415345742247
2024-01-21 07:00:00+00:00,93640.39623439647,93885.56557493421,93673.02965801708,93769.52163586325,485.1454176744276
2024-01-21 07:15:00+00:00,94134.96523933954,94305.83956937502,94047.32868713223,94097.9045804531,804.9747864836621
2024-01-21 07:30:00+00:00,94184.54380659718,94285.51188227421,94090.71248863351,94265.86037950763,503.53084802858615
2024-01-21 07:45:00+00:00,94256.41467794101,94323.45005758714,94126.9434854252,94289.62741202733,593.8386997829182
2024-01-21 08:00:00+00:00,94329.69852557266,94390.3009767578,94320.48341478176,94331.08700621837,798.1785712944528
2024-01-21 08:15:00+00:00,94494.74279542902,94480.83401402591,94411.63393626933,94425.52852922944,424.8575790770915
2024-01-21 08:30:00+00:00,94398.5952030724,94416.38802379544,94340.69241845571,94343.82137128177,657.1475270464455
2024-01-21 08:45:00+00:00,94553.40209147573,94536.90404774429,94426.93635548226,94466.8358072594,480.8554835697757
2024-01-21 09:00:00+00:00,94457.55975275299,94543.12401495287,94409.79087157907,94477.55179129723,843.4875129206201
2024-01-21 09:15:00+00:00,94665.76726842919,94663.59736563764,94507.9755506166,94654.58350724031,210.35084849703733
2024-01-21 09:30:00+00:00,94508.39449774264,94500.10508551591,94434.11418020786,94465.10305075663,617.1333085326266
2024-01-21 09:45:00+00:00,94970.94776599032,94933.73408570891,94825.58028360769,94832.19541032468,450.14462484724595
2024-01-21 10:00:00+00:00,94679.85130902173,94710.05595759826,94536.42046166923,94692.08416909531,607.9007043228407
2024-01-21 10:15:00+00:00,94500.7562899771,94641.47822168996,94451.3016080719,94540.0813304015,474.21186190328643
2024-01-21 10:30:00+00:00,94328.94512364418,94420.98433685035,94262.15350821463,94363.26490787689,386.1924840609542
2024-01-21 10:45:00+00:00,94360.92464988635,94581.39504282633,94386.89859567926,94449.82029991197,836.6029624890906
2024-01-21 11:00:00+00:00,94781.15609403209,94792.15783222899,94664.5907250819,94773.6433604595,842.682753364618
2024-01-21 11:15:00+00:00,94635.27441918099,94681.69148599054,94560.15616194431,94579.95904194702,476.59239313249486
2024-01-21 11:30:00+00:00,94621.66013526112,94644.31316162153,94459.23600544553,94597.79163735648,915.5434719693438
2024-01-21 11:45:00+00:00,94735.4002757506,94834.48656997846,94658.41776767983,94745.21359943933,484.04965933569923
2024-01-21 12:00:00+00:00,94888.4542832167,94917.46680170666,94826.97869024955,94903.66788410695,332.97578663283116
2024-01-21 12:15:00+00:00,94680.06876520804,94771.21795875496,94660.3085560438,94710.95695066877,790.8466308474916
2024-01-21 12:30:00+00:00,94518.30933776405,94654.03680820334,94641.2648394005,94650.07777474531,270.44209173484967
2024-01-21 12:45:00+00:00,94555.3887632926,94535.76111399334,94500.09253891015,94515.5449119922,858.2786262304754
2024-01-21 13:00:00+00:00,94678.70643818972,94718.81839326683,94592.87929950276,94631.55857991785,349.7635194771071
2024-01-21 13:15:00+00:00,94809.12311468214,94852.61042365138,94624.6865296613,94756.47985816514,311.1711770685284
2024-01-21 13:30:00+00:00,94981.53352774285,95182.05396862123,94849.30690420824,95010.23715145452,284.3456140648944
2024-01-21 13:45:00+00:00,95038.28238736463,95102.62909731823,94945.3454965495,95023.58370352151,323.9328143725448
2024-01-21 14:00:00+00:00,95225.01046280391,95239.7732600275,95131.07212438736,95164.6418452495,656.9518694850983
2024-01-21 14:15:00+00:00,95274.9696001943,95378.98193695956,95365.70054835449,95366.86880001785,219.9223643717954
2024-01-21 14:30:00+00:00,95411.42903184945,95412.80152744596,95364.45522453662,95390.03180946634,313.3017014000119
2024-01-21 14:45:00+00:00,95388.32149249421,95546.30509282924,95278.1995797027,95359.07507252062,405.37479622798054
2024-01-21 15:00:00+00:00,95230.49148550257,95218.6901993228,95202.20879145266,95208.22378994999,638.2478617752821
2024-01-21 15:15:00+00:00,94976.9021999434,95120.08876508138,95014.11434419306,95028.05384567796,375.0233594359194
2024-01-21 15:30:00+00:00,95143.1801455588,95277.273378323,95090.70424453674,95185.10469137962,988.2951610405521
2024-01-21 15:45:00+00:00,95421.10319267711,95498.50730148889,95362.22150568574,95372.21555321573,667.6818270908684
2024-01-21 16:00:00+00:00,95371.20535470561,95349.81838381631,95296.87172736965,95344.42036308594,392.49040257184953
2024-01-21 16:15:00+00:00,95215.1439838391,95429.12610976267,95201.32224861553,95234.68518950621,139.81600052940996
2024-01-21 16:30:00+00:00,95499.12796481431,95558.61237877654,95330.77708180604,95496.61558952583,331.78969614617586
2024-01-21 16:45:00+00:00,95182.3471061815,95235.71985621958,95176.42835994618,95202.51182767462,593.7568426795674
2024-01-21 17:00:00+00:00,95253.91884054284,95290.45264419686,95171.65833254792,95243.15784067201,576.960089862093
2024-01-21 17:15:00+00:00,95090.19701040833,95196.89400847761,94997.91270534038,95115.70955611653,340.50384163024296
2024-01-21 17:30:00+00:00,94931.02890514655,95009.39864928056,94860.41311118711,94948.34257487088,500.66209417518814
2024-01-21 17:45:00+00:00,95101.41109988459,95341.21082196293,95034.55818211281,95190.02418610788,890.528579006526
2024-01-21 18:00:00+00:00,94966.32327544758,95042.36925028743,94967.64239852653,95014.57209559006,252.04415419401792
2024-01-21 18:15:00+00:00,95174.89782457771,95159.19254811207,95066.87334552025,95153.84765004281,276.82096809177676
2024-01-21 18:30:00+00:00,95109.81506638494,95212.29377055149,95119.27595023125,95161.6887814577,764.8053534785387
2024-01-21 18:45:00+00:00,94994.9450158398,95097.04300222632,94889.31545491624,94997.74692139843,650.2374353881016
2024-01-21 19:00:00+00:00,95148.33472445315,95268.90333618643,94970.09273747008,95185.38135616737,700.3953143601697
2024-01-21 19:15:00+00:00,95337.63986381804,95486.79223030462,95351.27450361164,95445.59967779032,438.5531725405109
2024-01-21 19:30:00+00:00,95883.15544453694,95905.51513366838,95838.30654413685,95841.85513114554,115.02979432998153
2024-01-21 19:45:00+00:00,95463.44499109368,95657.42386214,95437.27609365707,95441.21164976926,104.9817858254074
